Group,ImageSet,File,Category,allsubjects_valence_mean,allsubjects_valence_sd,allsubjects_arousal_mean,allsubjects_arousal_sd,allsubjects_craving_mean,allsubjects_craving_sd,allsubjects_typicality_mean,allsubjects_typicality_sd,allsubjects_FractionNeither,allsubjects_FractionMeth,allsubjects_FractionOpioid,allsubjects_FractionBoth,allsubjects_MethToOpioid,injectionusers_valence_mean,injectionusers_valence_sd,injectionusers_arousal_mean,injectionusers_arousal_sd,injectionusers_craving_mean,injectionusers_craving_sd,injectionusers_typicality_mean,injectionusers_typicality_sd,injectionusers_FractionNeither,injectionusers_FractionMeth,injectionusers_FractionOpioid,injectionusers_FractionBoth,injectionusers_MethToOpioid,noninjectionusers_valence_mean,noninjectionusers_valence_sd,noninjectionusers_arousal_mean,noninjectionusers_arousal_sd,noninjectionusers_craving_mean,noninjectionusers_craving_sd,noninjectionusers_typicality_mean,noninjectionusers_typicality_sd,noninjectionusers_FractionNeither,noninjectionusers_FractionMeth,noninjectionusers_FractionOpioid,noninjectionusers_FractionBoth,noninjectionusers_MethToOpioid,hue_mean,hue_sd,saturation_mean,saturation_sd,value_mean,value_sd,p_cravingdelta_injectionVnon,selection_cost,category_number,selected,in_set
opioid Slide094.jpeg,opioid,Slide094.jpeg,opioid_injection_hand,3.86,2.206,4.82,2.91,92.82,12.11,93.82,10.97,0,0.10714,0.14286,0.75,0.03571,3.86,2.265,5.19,2.82,92.86,12.75,93.71,12.27,0,0.04762,0.19048,0.7619,0.14286,3.86,2.193,3.71,3.09,92.71,10.84,94.14,6.31,0,0.28571,0,0.7143,-0.28571,0.181,0.309,0.221,0.201,0.317,0.249,0.97747,0.001091,5,TRUE,0
opioid Slide110.jpeg,opioid,Slide110.jpeg,opioid_face_activities,4.43,1.731,4.75,2.73,89.75,20.56,91.5,20.28,0,0.14286,0.35714,0.5,0.21429,4.67,1.713,5.14,2.61,89.19,23.15,89.95,23.22,0,0.09524,0.47619,0.42857,0.38095,3.71,1.704,3.57,2.94,91.43,10.53,96.14,4.56,0,0.28571,0,0.7143,-0.28571,0.18,0.309,0.229,0.197,0.319,0.162,0.73105,0.001602,6,TRUE,2
opioid Slide045.jpeg,opioid,Slide045.jpeg,opioid_injection_instrument,4.52,1.847,4.67,2.67,83.15,20.98,84.89,20.77,0,0,0.59259,0.40741,0.59259,4.75,1.916,5,2.68,85.55,20.65,86.05,20.79,0,0,0.6,0.4,0.6,3.86,1.574,3.71,2.63,76.29,21.95,81.57,22,0,0,0.57143,0.4286,0.57143,0.164,0.281,0.18,0.115,0.318,0.262,0.35229,0.00202,3,TRUE,0
opioid Slide079.jpeg,opioid,Slide079.jpeg,opioid_instrument_hand,4.56,2.044,4.85,2.76,90.37,13.36,92.7,11.97,0,0.11111,0.62963,0.25926,0.51852,4.65,2.033,5.1,2.69,90.9,14.1,92.4,13.53,0,0.05,0.7,0.25,0.65,4.29,2.215,4.14,3.02,88.86,11.84,93.57,6.37,0,0.28571,0.42857,0.2857,0.14286,0.235,0.308,0.165,0.216,0.269,0.297,0.71528,0.003411,4,TRUE,0
opioid Slide086.jpeg,opioid,Slide086.jpeg,opioid_instrument_hand,4.39,1.812,4.57,2.82,93.93,11.7,93.93,11.45,0,0.10714,0.42857,0.46429,0.32143,4.62,1.717,4.86,2.73,93.86,13.09,93.67,12.65,0,0.04762,0.52381,0.42857,0.47619,3.71,2.059,3.71,3.15,94.14,6.67,94.71,7.48,0,0.28571,0.14286,0.5714,-0.14286,0.18,0.194,0.269,0.164,0.326,0.23,0.94094,0.005837,4,TRUE,1
opioid Slide081.jpeg,opioid,Slide081.jpeg,opioid_instrument_hand,4.46,2.117,4.46,2.96,90.57,14.83,90.07,17.13,0,0.10714,0.42857,0.46429,0.32143,4.76,1.868,4.71,2.83,89.76,16.06,90.62,15.39,0,0,0.47619,0.52381,0.47619,3.57,2.699,3.71,3.45,93,10.97,88.43,22.96,0,0.42857,0.28571,0.2857,-0.14286,0.274,0.283,0.221,0.187,0.329,0.313,0.55961,0.006758,4,TRUE,0
opioid Slide113.jpeg,opioid,Slide113.jpeg,opioid_face_activities,4.39,1.729,4.46,2.83,93.11,11.47,94.11,10.35,0,0.03571,0.42857,0.53571,0.39286,4.52,1.632,4.71,2.65,92.48,12.85,93.52,11.61,0,0,0.52381,0.47619,0.52381,4,2.082,3.71,3.45,95,6.03,95.86,5.27,0,0.14286,0.14286,0.7143,0,0.254,0.338,0.13,0.187,0.301,0.342,0.49196,0.007817,6,TRUE,2
opioid Slide077.jpeg,opioid,Slide077.jpeg,opioid_instrument_hand,4.5,1.895,4.79,2.71,91.61,14.5,94.32,10.05,0,0.07143,0.35714,0.57143,0.28571,4.62,1.774,5.14,2.54,91.29,15.78,94,11.43,0,0,0.38095,0.61905,0.38095,4.14,2.34,3.71,3.15,92.57,10.74,95.29,4.15,0,0.28571,0.28571,0.4286,0,0.273,0.355,0.235,0.229,0.366,0.325,0.81229,0.01091,4,TRUE,0
opioid Slide042.jpeg,opioid,Slide042.jpeg,opioid_injection_instrument,4.56,1.908,4.63,2.68,86.85,18.07,85.93,18.9,0,0,0.88889,0.11111,0.88889,4.85,1.927,4.9,2.65,87.05,18.57,85.8,19.78,0,0,0.9,0.1,0.9,3.71,1.704,3.86,2.79,86.29,17.93,86.29,17.56,0,0,0.85714,0.1429,0.85714,0.222,0.313,0.266,0.385,0.382,0.32,0.92515,0.011564,3,TRUE,0
opioid Slide026.jpeg,opioid,Slide026.jpeg,opioid_hand,4.79,1.75,4.57,2.7,87.46,14.46,91.82,11.48,0,0.03571,0.96429,0,0.92857,4.95,1.596,4.9,2.57,86.48,15.71,90.71,12.96,0,0.04762,0.95238,0,0.90476,4.29,2.215,3.57,3.05,90.43,10.26,95.14,3.98,0,0,1,0,1,0.299,0.405,0.214,0.133,0.352,0.297,0.45616,0.012701,2,TRUE,1
opioid Slide051.jpeg,opioid,Slide051.jpeg,opioid_injection_instrument,4.39,1.95,4.57,2.85,86.04,23.07,88.86,21.07,0,0,0.28571,0.71429,0.28571,4.52,1.94,4.95,2.84,84.52,25.68,86.52,23.93,0,0,0.28571,0.71429,0.28571,4,2.082,3.43,2.76,90.57,12.8,95.86,3.63,0,0,0.28571,0.7143,0.28571,0.225,0.216,0.244,0.212,0.193,0.287,0.42312,0.01401,3,TRUE,2
opioid Slide050.jpeg,opioid,Slide050.jpeg,opioid_injection_instrument,4.41,1.803,4.56,2.49,88.56,15.7,89.67,15.85,0,0,0.77778,0.22222,0.77778,4.65,1.814,4.85,2.43,90.85,14.31,90.4,15.69,0,0,0.8,0.2,0.8,3.71,1.704,3.71,2.63,82,18.75,87.57,17.37,0,0,0.71429,0.2857,0.71429,0.125,0.15,0.291,0.346,0.349,0.294,0.2859,0.016307,3,TRUE,2
opioid Slide010.jpeg,opioid,Slide010.jpeg,opioid,4.85,1.657,4.15,2.74,82.96,18.45,84.56,18.46,0.03704,0,0.92593,0.03704,0.92593,5.05,1.572,4.2,2.73,80.9,20.1,82.25,20.52,0.05,0,0.9,0.05,0.9,4.29,1.89,4,3,88.86,11.84,91.14,8.73,0,0,1,0,1,0.253,0.21,0.317,0.305,0.313,0.253,0.22541,0.016667,1,TRUE,2
opioid Slide029.jpeg,opioid,Slide029.jpeg,opioid_hand,4.71,1.823,4.75,2.78,90.57,16.41,91.04,16.1,0.03571,0.57143,0.14286,0.25,-0.42857,4.81,1.692,4.9,2.7,90.71,16.25,91.33,15.82,0,0.61905,0.09524,0.28571,-0.52381,4.43,2.299,4.29,3.2,90.14,18.19,90.14,18.22,0.14286,0.42857,0.28571,0.1429,-0.14286,0.065,0.194,0.213,0.229,0.336,0.312,0.94266,0.01969,2,TRUE,1
opioid Slide061.jpeg,opioid,Slide061.jpeg,opioid_injection_instrument,4.44,2.006,4.74,2.75,86.93,17.4,87.19,16.99,0.03704,0.14815,0.40741,0.40741,0.25926,4.55,1.932,4.9,2.65,85.2,19.61,85.25,19.18,0.05,0.1,0.35,0.5,0.25,4.14,2.34,4.29,3.2,91.86,7.47,92.71,6.1,0,0.28571,0.57143,0.1429,0.28571,0.179,0.179,0.333,0.195,0.249,0.213,0.21377,0.020731,3,TRUE,1
opioid Slide101.jpeg,opioid,Slide101.jpeg,opioid_face_activities,4.04,2.099,4.93,2.75,88.86,22.33,90.39,16.41,0,0.10714,0.17857,0.71429,0.07143,4.29,2.004,5.38,2.5,87.1,25.41,90.52,16.17,0,0.04762,0.19048,0.7619,0.14286,3.29,2.36,3.57,3.21,94.14,6.94,90,18.42,0,0.28571,0.14286,0.5714,-0.14286,0.152,0.213,0.22,0.239,0.445,0.303,0.26117,0.023729,6,TRUE,2
control Slide010.jpeg,control,Slide010.jpeg,control_objects,4.96,1.372,2.63,1.96,13,19.87,12,19.4,0.96296,0,0,0.03704,0,4.8,1.436,2.55,1.99,10.8,18.86,9.6,18.16,0.95,0,0,0.05,0,5.43,1.134,2.86,2.04,19.29,22.87,18.86,22.65,1,0,0,0,0,0.414,0.338,0.447,0.342,0.212,0.271,0.40044,0.025049,1,TRUE,3
opioid Slide098.jpeg,opioid,Slide098.jpeg,opioid_injection_hand,4.29,2.123,5.18,2.51,90.79,15.16,92.07,14.02,0,0,0.64286,0.35714,0.64286,4.38,2.179,5.52,2.48,91.19,15.99,91.76,15.39,0,0,0.66667,0.33333,0.66667,4,2.082,4.14,2.48,89.57,13.39,93,9.66,0,0,0.57143,0.4286,0.57143,0.176,0.211,0.14,0.107,0.449,0.259,0.79665,0.026377,5,TRUE,2
opioid Slide037.jpeg,opioid,Slide037.jpeg,opioid_injection_instrument,4.5,2.082,4.93,2.92,93.54,10.95,95.11,9.59,0,0.25,0.14286,0.60714,-0.10714,4.67,1.983,5.24,2.74,92.57,12.35,94.57,10.91,0,0.2381,0.09524,0.66667,-0.14286,4,2.449,4,3.46,96.43,4.24,96.71,3.64,0,0.28571,0.28571,0.4286,0,0.21,0.162,0.256,0.223,0.46,0.181,0.22955,0.028836,3,TRUE,3
opioid Slide111.jpeg,opioid,Slide111.jpeg,opioid_face_activities,4.07,2.129,4.67,2.75,90.78,14.5,89.78,17.9,0,0.11111,0.51852,0.37037,0.40741,4.2,2.067,5,2.62,89.7,16.49,88.4,20.46,0,0.05,0.65,0.3,0.6,3.71,2.43,3.71,3.09,93.86,5.96,93.71,6.24,0,0.28571,0.14286,0.5714,-0.14286,0.111,0.066,0.318,0.221,0.387,0.225,0.34518,0.029414,6,TRUE,2
opioid Slide049.jpeg,opioid,Slide049.jpeg,opioid_injection_instrument,4.39,1.912,4.86,2.77,92.79,13.12,92.64,12.64,0,0.28571,0.07143,0.64286,-0.21429,4.57,1.832,5.14,2.63,91.9,14.82,93.43,12.38,0,0.28571,0.04762,0.66667,-0.2381,3.86,2.193,4,3.21,95.43,5.62,90.29,14.13,0,0.28571,0.14286,0.5714,-0.14286,0.236,0.226,0.312,0.283,0.43,0.202,0.37101,0.03074,3,TRUE,1
opioid Slide046.jpeg,opioid,Slide046.jpeg,opioid_injection_instrument,4.46,1.688,4.5,2.44,87.18,21.7,88.75,22.55,0,0,0.5,0.5,0.5,4.57,1.469,4.81,2.25,84.95,24.5,85.86,25.46,0,0,0.52381,0.47619,0.52381,4.14,2.34,3.57,2.94,93.86,7.01,97.43,3.36,0,0,0.42857,0.5714,0.42857,0.346,0.322,0.09,0.067,0.295,0.23,0.14769,0.033441,3,TRUE,1
opioid Slide075.jpeg,opioid,Slide075.jpeg,opioid_instrument_hand,4.36,1.66,4.82,2.76,91.18,15.32,92.89,13.15,0,0.10714,0.42857,0.46429,0.32143,4.43,1.69,5.19,2.6,92.52,14.84,92.05,14.97,0,0.09524,0.52381,0.38095,0.42857,4.14,1.676,3.71,3.15,87.14,17.23,95.43,4.61,0,0.14286,0.14286,0.7143,0,0.2,0.28,0.383,0.213,0.277,0.233,0.47788,0.034018,4,TRUE,3
opioid Slide069.jpeg,opioid,Slide069.jpeg,opioid_instrument_hand,4.36,1.85,4.71,2.85,91.29,13.93,92,13.84,0,0.07143,0.17857,0.75,0.10714,4.43,1.72,4.95,2.67,89.62,15.45,90.1,15.49,0,0.04762,0.2381,0.71429,0.19048,4.14,2.34,4,3.46,96.29,6.16,97.71,3.3,0,0.14286,0,0.8571,-0.14286,0.251,0.191,0.375,0.268,0.27,0.323,0.11636,0.034126,4,TRUE,1
opioid Slide105.jpeg,opioid,Slide105.jpeg,opioid_face_activities,4.61,1.595,4.39,2.73,85.57,19.36,91.46,13.64,0,0,0.57143,0.42857,0.57143,4.81,1.401,4.81,2.75,85.19,20.32,90.62,15.22,0,0,0.61905,0.38095,0.61905,4,2.082,3.14,2.41,86.71,17.54,94,7.44,0,0,0.42857,0.5714,0.42857,0.169,0.25,0.366,0.206,0.381,0.253,0.8517,0.035078,6,TRUE,1
opioid Slide109.jpeg,opioid,Slide109.jpeg,opioid_face_activities,4.25,1.917,4.86,2.72,92.54,13.96,94.36,10.13,0,0.14286,0.46429,0.39286,0.32143,4.43,1.72,5.24,2.43,93.19,12.73,93.81,11.47,0,0.09524,0.52381,0.38095,0.42857,3.71,2.498,3.71,3.4,90.57,18.17,96,4.36,0,0.28571,0.28571,0.4286,0,0.137,0.142,0.325,0.199,0.426,0.318,0.73281,0.03547,6,TRUE,3
opioid Slide089.jpeg,opioid,Slide089.jpeg,opioid_injection_hand,4.22,2.006,4.78,2.67,90,15.4,89.85,16.26,0,0.11111,0.18519,0.7037,0.07407,4.4,2.113,5.1,2.61,90.6,14.75,90.15,16.16,0,0.05,0.2,0.75,0.15,3.71,1.704,3.86,2.79,88.29,18.28,89,17.82,0,0.28571,0.14286,0.5714,-0.14286,0.24,0.31,0.215,0.175,0.487,0.34,0.76941,0.036794,5,TRUE,3
opioid Slide008.jpeg,opioid,Slide008.jpeg,opioid,4.85,1.634,4.3,2.77,83.44,19.71,84.48,19.66,0.03704,0,0.96296,0,0.96296,5.05,1.669,4.75,2.75,83.8,19.82,83.75,20.46,0,0,1,0,1,4.29,1.496,3,2.58,82.43,20.93,86.57,18.51,0.14286,0,0.85714,0,0.85714,0.181,0.261,0.318,0.42,0.459,0.354,0.88277,0.039566,1,TRUE,0
control Slide074.jpeg,control,Slide074.jpeg,control_tool_hand_simple,4.93,1.207,2.74,2.1,13.15,22.99,19.3,28.86,0.92593,0,0.03704,0.03704,0.03704,4.8,1.322,2.45,1.93,10.4,20.32,18.5,28.77,1,0,0,0,0,5.29,0.756,3.57,2.51,21,29.75,21.57,31.29,0.71429,0,0.14286,0.1429,0.14286,0.567,0.312,0.608,0.288,0.142,0.25,0.40749,0.039617,4,TRUE,0
opioid Slide117.jpeg,opioid,Slide117.jpeg,opioid_face_activities,4.33,2,4.78,2.62,88.3,15.23,86.93,16.59,0,0.11111,0,0.88889,-0.11111,4.45,2.012,5,2.51,87.6,16.39,86.6,18.15,0,0.05,0,0.95,-0.05,4,2.082,4.14,3.02,90.29,12.13,87.86,12.16,0,0.28571,0,0.7143,-0.28571,0.284,0.277,0.251,0.171,0.475,0.305,0.65425,0.040282,6,TRUE,1
opioid Slide096.jpeg,opioid,Slide096.jpeg,opioid_injection_hand,4.11,2.043,4.86,2.8,89.46,21.55,92.75,13.34,0,0.14286,0.21429,0.64286,0.07143,4.33,1.958,5.43,2.52,91.76,15.89,91.76,15.11,0,0.09524,0.2381,0.66667,0.14286,3.43,2.299,3.14,3.08,82.57,34.28,95.71,5.09,0,0.28571,0.14286,0.5714,-0.14286,0.32,0.277,0.193,0.138,0.467,0.242,0.51565,0.042338,5,TRUE,1
opioid Slide085.jpeg,opioid,Slide085.jpeg,opioid_instrument_hand,4.14,2.013,4.75,2.9,90.61,20.79,89.36,21.45,0.03571,0.07143,0.75,0.14286,0.67857,4.1,1.998,5.1,2.81,90.14,23.37,87.33,24.35,0.04762,0,0.85714,0.09524,0.85714,4.29,2.215,3.71,3.15,92,11.08,95.43,6.11,0,0.28571,0.42857,0.2857,0.14286,0.287,0.326,0.31,0.168,0.458,0.241,0.78091,0.044633,4,TRUE,2
opioid Slide009.jpeg,opioid,Slide009.jpeg,opioid,4.59,1.866,4.41,2.82,85.78,17.75,87.67,17.27,0.03704,0,0.96296,0,0.96296,4.75,1.832,4.7,2.77,85.65,18.72,86.25,19.37,0.05,0,0.95,0,0.95,4.14,2.035,3.57,2.99,86.14,15.97,91.71,8.83,0,0,1,0,1,0.305,0.285,0.379,0.35,0.26,0.328,0.94759,0.044666,1,TRUE,3
opioid Slide014.jpeg,opioid,Slide014.jpeg,opioid,4.46,1.972,4.57,2.95,89.46,15.02,90.11,15.05,0,0,0.53571,0.46429,0.53571,4.52,2.04,4.81,2.96,89.38,16.26,88.48,16.96,0,0,0.52381,0.47619,0.52381,4.29,1.89,3.86,3.02,89.71,11.59,95,4.8,0,0,0.57143,0.4286,0.57143,0.171,0.321,0.043,0.151,0.157,0.293,0.95364,0.045939,1,TRUE,1
opioid Slide035.jpeg,opioid,Slide035.jpeg,opioid_injection_instrument,4.18,2.056,4.71,2.89,89.79,20.63,86.5,26.51,0,0.07143,0.03571,0.89286,-0.03571,4.24,1.947,4.86,2.94,93.38,12,90.24,22.83,0,0,0.04762,0.95238,0.04762,4,2.517,4.29,2.93,79,35.42,75.29,35.07,0,0.28571,0,0.7143,-0.28571,0.366,0.281,0.104,0.123,0.416,0.188,0.32953,0.050228,3,TRUE,0
opioid Slide060.jpeg,opioid,Slide060.jpeg,opioid_injection_instrument,4.25,2.012,5.18,3.09,95,6.64,96.75,5.3,0,0.42857,0.07143,0.5,-0.35714,4.33,2.033,5.52,2.91,95.19,7.27,97.24,4.97,0,0.38095,0.09524,0.52381,-0.28571,4,2.082,4.14,3.63,94.43,4.65,95.29,6.37,0,0.57143,0,0.4286,-0.57143,0.152,0.297,0.046,0.115,0.141,0.256,0.75165,0.051301,3,TRUE,3
opioid Slide040.jpeg,opioid,Slide040.jpeg,opioid_injection_instrument,4.26,1.852,4.22,2.72,85.67,23.29,87.22,22.63,0,0.18519,0.40741,0.40741,0.22222,4.45,1.731,4.5,2.7,84.9,26.31,85.95,25.72,0,0.15,0.35,0.5,0.2,3.71,2.215,3.43,2.82,87.86,12.31,90.86,10.21,0,0.28571,0.57143,0.1429,0.28571,0.367,0.389,0.125,0.092,0.158,0.234,0.69709,0.053678,3,TRUE,2
opioid Slide076.jpeg,opioid,Slide076.jpeg,opioid_instrument_hand,4.36,1.929,4.75,2.81,92.79,11.62,94.14,10.91,0,0.10714,0.07143,0.82143,-0.03571,4.38,1.884,5.1,2.68,92.1,12.96,93.57,12.14,0,0.04762,0.09524,0.85714,0.04762,4.29,2.215,3.71,3.15,94.86,6.47,95.86,6.34,0,0.28571,0,0.7143,-0.28571,0.367,0.161,0.135,0.139,0.46,0.238,0.46795,0.057714,4,TRUE,1
opioid Slide080.jpeg,opioid,Slide080.jpeg,opioid_instrument_hand,4.5,1.934,4.57,2.92,90.29,14.88,92.18,13.5,0.03571,0.21429,0.10714,0.64286,-0.10714,4.76,1.868,4.9,2.81,89.1,16.32,91.1,15.22,0,0.2381,0.04762,0.71429,-0.19048,3.71,2.059,3.57,3.26,93.86,9.42,95.43,5.62,0.14286,0.14286,0.28571,0.4286,0.14286,0.211,0.232,0.335,0.169,0.5,0.316,0.3566,0.058346,4,TRUE,3
opioid Slide099.jpeg,opioid,Slide099.jpeg,opioid_injection_hand,4.15,1.68,4.33,2.5,84.85,20.77,85.7,20.47,0.03704,0.11111,0.14815,0.7037,0.03704,4.35,1.631,4.5,2.44,84.55,21.79,84.2,21.52,0.05,0.05,0.2,0.7,0.15,3.57,1.813,3.86,2.79,85.71,19.13,90,17.92,0,0.28571,0,0.7143,-0.28571,0.107,0.217,0.283,0.176,0.508,0.24,0.89599,0.058802,5,TRUE,3
opioid Slide041.jpeg,opioid,Slide041.jpeg,opioid_injection_instrument,4.44,1.761,4.63,2.69,83.85,19.69,86.07,18.22,0,0.11111,0.48148,0.40741,0.37037,4.6,1.847,4.95,2.7,83.4,20.61,85.25,18.73,0,0.05,0.45,0.5,0.4,4,1.528,3.71,2.63,85.14,18.22,88.43,17.83,0,0.28571,0.57143,0.1429,0.28571,0.383,0.32,0.075,0.075,0.402,0.174,0.83701,0.059518,3,TRUE,2
opioid Slide012.jpeg,opioid,Slide012.jpeg,opioid,4.21,1.969,4.46,2.85,85.93,21.82,89.18,22.23,0,0,0.46429,0.53571,0.46429,4.29,1.901,4.9,2.86,85.05,24.04,86.95,25.18,0,0,0.47619,0.52381,0.47619,4,2.309,3.14,2.54,88.57,14.3,95.86,6.44,0,0,0.42857,0.5714,0.42857,0.166,0.313,0.027,0.119,0.125,0.243,0.6456,0.06171,1,TRUE,2
opioid Slide004.jpeg,opioid,Slide004.jpeg,opioid,4.48,2.007,4.59,2.85,89.74,15.26,90.22,15.42,0,0.2963,0.2963,0.40741,0,4.6,2.062,4.7,2.79,88.85,17.03,88.9,17.5,0,0.3,0.2,0.5,-0.1,4.14,1.952,4.29,3.2,92.29,8.98,94,6.11,0,0.28571,0.57143,0.1429,0.28571,0.118,0.248,0.031,0.083,0.133,0.218,0.50805,0.063174,1,TRUE,0
opioid Slide034.jpeg,opioid,Slide034.jpeg,opioid_injection_instrument,4.57,1.597,3.96,2.63,70.18,26.98,79.36,27.94,0.17857,0.03571,0,0.78571,-0.03571,4.71,1.454,4.14,2.52,70.1,25.16,82.48,26.25,0.14286,0,0,0.85714,0,4.14,2.035,3.43,3.1,70.43,34.13,70,32.87,0.28571,0.14286,0,0.5714,-0.14286,0.383,0.284,0.062,0.1,0.405,0.289,0.98159,0.063558,3,TRUE,1
opioid Slide078.jpeg,opioid,Slide078.jpeg,opioid_instrument_hand,4.41,1.866,4.93,2.57,85.67,18.3,86.93,18.49,0,0.37037,0.22222,0.40741,-0.14815,4.55,1.82,4.95,2.54,86.25,19.04,87.5,19.3,0,0.35,0.15,0.5,-0.2,4,2.082,4.86,2.85,84,17.29,85.29,17.27,0,0.42857,0.42857,0.1429,0,0.442,0.275,0.267,0.132,0.349,0.269,0.77812,0.065454,4,TRUE,2
opioid Slide107.jpeg,opioid,Slide107.jpeg,opioid_face_activities,4.41,2.135,4.48,2.68,87.37,18.41,89.93,16.64,0,0.14815,0.03704,0.81481,-0.11111,4.6,2.088,4.8,2.59,86.35,20.55,88.35,18.82,0,0.05,0.05,0.9,0,3.86,2.34,3.57,2.94,90.29,10.9,94.43,6.85,0,0.42857,0,0.5714,-0.42857,0.088,0.069,0.431,0.213,0.339,0.282,0.53084,0.067426,6,TRUE,0
opioid Slide066.jpeg,opioid,Slide066.jpeg,opioid_injection_instrument,4.54,2.009,4.71,2.84,92.46,13.42,94.18,11.24,0,0.10714,0.46429,0.42857,0.35714,4.67,2.058,5,2.7,93.43,11.82,93.52,12.79,0,0.09524,0.57143,0.33333,0.47619,4.14,1.952,3.86,3.29,89.57,18.2,96.14,4.14,0,0.14286,0.14286,0.7143,0,0.256,0.302,0.437,0.448,0.191,0.297,0.61426,0.071186,3,TRUE,2
opioid Slide084.jpeg,opioid,Slide084.jpeg,opioid_instrument_hand,4.52,1.929,4.56,2.89,91.07,13.76,89.93,16.45,0,0.14815,0.44444,0.40741,0.2963,4.85,1.785,4.9,2.77,90.9,15.19,89,18.68,0,0.1,0.45,0.45,0.35,3.57,2.149,3.57,3.21,91.57,9.48,92.57,7.57,0,0.28571,0.42857,0.2857,0.14286,0.244,0.22,0.277,0.168,0.555,0.242,0.89342,0.07289,4,TRUE,3
opioid Slide100.jpeg,opioid,Slide100.jpeg,opioid_injection_hand,4.19,2.167,5.11,2.89,90.59,15.88,91.04,15.79,0,0.11111,0.03704,0.85185,-0.07407,4.2,2.167,5.35,2.76,90.15,17.75,89.9,18.02,0,0.05,0.05,0.9,0,4.14,2.34,4.43,3.36,91.86,9.58,94.29,5.96,0,0.28571,0,0.7143,-0.28571,0.178,0.224,0.281,0.152,0.56,0.236,0.75401,0.074645,5,TRUE,1
control Slide102.jpeg,control,Slide102.jpeg,control_tool_face,4.78,1.155,2.89,2.24,11.96,19.53,15.07,21.05,0.96296,0.03704,0,0,-0.03704,4.7,1.342,2.95,2.33,11.6,20.01,15.55,22.38,0.95,0.05,0,0,-0.05,5,0,2.71,2.14,13,19.59,13.71,18.17,1,0,0,0,0,0.197,0.264,0.412,0.306,0.263,0.241,0.87443,0.076722,6,TRUE,1
opioid Slide059.jpeg,opioid,Slide059.jpeg,opioid_injection_instrument,4.33,1.941,4.56,2.58,87,17.75,86.48,18.93,0,0.14815,0.37037,0.48148,0.22222,4.7,1.895,4.8,2.53,87.5,18.08,86.45,19.84,0,0.2,0.3,0.5,0.1,3.29,1.799,3.86,2.79,85.57,18.09,86.57,17.51,0,0,0.57143,0.4286,0.57143,0.316,0.265,0.1,0.09,0.534,0.221,0.81285,0.078212,3,TRUE,3
opioid Slide115.jpeg,opioid,Slide115.jpeg,opioid_face_activities,4.3,2.016,4.89,2.72,86.56,18.87,88.22,18.27,0,0.03704,0.40741,0.55556,0.37037,4.5,2.115,5.25,2.67,88.55,17.78,88.65,18.91,0,0,0.5,0.5,0.5,3.71,1.704,3.86,2.79,80.86,22.17,87,17.64,0,0.14286,0.14286,0.7143,0,0.188,0.31,0.466,0.309,0.205,0.222,0.42861,0.079925,6,TRUE,0
opioid Slide027.jpeg,opioid,Slide027.jpeg,opioid_hand,4.41,1.623,4.41,2.61,85.85,17.04,85.85,19.07,0,0.37037,0.2963,0.33333,-0.07407,4.45,1.432,4.45,2.46,84.5,18.78,83.85,21.39,0,0.4,0.25,0.35,-0.15,4.29,2.215,4.29,3.2,89.71,10.86,91.57,8.62,0,0.28571,0.42857,0.2857,0.14286,0.468,0.328,0.275,0.129,0.352,0.235,0.38586,0.080153,2,TRUE,2
opioid Slide054.jpeg,opioid,Slide054.jpeg,opioid_injection_instrument,4.25,1.713,4.71,2.83,92.93,11.66,94.07,10.9,0,0.14286,0.21429,0.64286,0.07143,4.33,1.623,5,2.68,92.62,12.62,93.48,12.32,0,0.09524,0.28571,0.61905,0.19048,4,2.082,3.86,3.29,93.86,8.9,95.86,4.85,0,0.28571,0,0.7143,-0.28571,0.117,0.237,0.062,0.158,0.538,0.219,0.7797,0.082577,3,TRUE,1
control Slide089.jpeg,control,Slide089.jpeg,control_tool_hand_complex,4.85,0.818,2.33,1.82,7.7,15.86,7.19,15.68,1,0,0,0,0,4.8,0.951,2.5,1.91,8.75,18.08,8.75,17.94,1,0,0,0,0,5,0,1.86,1.57,4.71,6.42,2.71,3.82,1,0,0,0,0,0.244,0.244,0.359,0.169,0.226,0.206,0.40021,0.082993,5,TRUE,3
opioid Slide093.jpeg,opioid,Slide093.jpeg,opioid_injection_hand,4,2.073,5.36,2.93,95.5,9.95,94.25,11.13,0,0.10714,0.21429,0.67857,0.10714,4.1,2.022,5.76,2.64,95.52,11.26,94.19,11.59,0,0.04762,0.28571,0.66667,0.2381,3.71,2.36,4.14,3.63,95.43,4.72,94.43,10.49,0,0.28571,0,0.7143,-0.28571,0.184,0.189,0.314,0.204,0.566,0.275,0.97524,0.084008,5,TRUE,0
opioid Slide002.jpeg,opioid,Slide002.jpeg,opioid,4.74,1.655,4.56,2.64,81.81,22.99,83.26,22.42,0,0,0.96296,0.03704,0.96296,4.8,1.824,4.55,2.8,82.5,23.93,85.2,22.9,0,0,0.95,0.05,0.95,4.57,1.134,4.57,2.3,79.86,21.7,77.71,21.65,0,0,1,0,1,0.164,0.114,0.459,0.352,0.427,0.327,0.79202,0.084506,1,TRUE,3
opioid Slide057.jpeg,opioid,Slide057.jpeg,opioid_injection_instrument,4.14,1.976,4.96,2.9,95.43,10.05,95,10.4,0,0.14286,0.57143,0.28571,0.42857,4.14,2.032,5.38,2.67,95.71,10.91,94.57,11.69,0,0.04762,0.61905,0.33333,0.57143,4.14,1.952,3.71,3.4,94.57,7.52,96.29,5.41,0,0.42857,0.42857,0.1429,0,0.392,0.265,0.097,0.172,0.498,0.29,0.76222,0.086677,3,TRUE,1
opioid Slide044.jpeg,opioid,Slide044.jpeg,opioid_injection_instrument,4.81,1.57,4.52,2.41,81.81,23.6,87.41,17.86,0,0,0.88889,0.11111,0.88889,4.85,1.663,4.5,2.42,87.25,17.29,87.7,18.55,0,0,0.9,0.1,0.9,4.71,1.38,4.57,2.57,66.29,32.97,86.57,17.06,0,0,0.85714,0.1429,0.85714,0.437,0.298,0.085,0.148,0.432,0.357,0.15099,0.086818,3,TRUE,3
opioid Slide103.jpeg,opioid,Slide103.jpeg,opioid_face_activities,4.07,2.035,4.89,2.99,91,19.21,92.14,19.36,0.03571,0.03571,0.25,0.67857,0.21429,4.1,2.071,5.29,2.9,90.24,21.34,90.57,22.18,0.04762,0,0.33333,0.61905,0.33333,4,2.082,3.71,3.15,93.29,11.61,96.86,3.44,0,0.14286,0,0.8571,-0.14286,0.104,0.158,0.345,0.235,0.538,0.22,0.6392,0.086885,6,TRUE,2
opioid Slide052.jpeg,opioid,Slide052.jpeg,opioid_injection_instrument,4.15,2.161,4.74,2.43,84.19,20.21,86.07,19.07,0,0.11111,0.40741,0.48148,0.2963,4.35,2.254,4.85,2.46,83.4,21.03,85.6,19.94,0,0.05,0.45,0.5,0.4,3.57,1.902,4.43,2.51,86.43,19,87.43,17.72,0,0.28571,0.28571,0.4286,0,0.482,0.27,0.142,0.182,0.369,0.23,0.73056,0.087649,3,TRUE,3
control Slide007.jpeg,control,Slide007.jpeg,control_objects,5.11,0.577,2.89,2.12,13.89,27.42,15.67,28.19,0.96296,0,0.03704,0,0.03704,5.05,0.51,2.85,2.01,8.65,18.04,11.2,20.03,1,0,0,0,0,5.29,0.756,3,2.58,28.86,43.29,28.43,43.78,0.85714,0,0.14286,0,0.14286,0.3,0.399,0.513,0.227,0.517,0.26,0.27094,0.088858,1,TRUE,1
opioid Slide088.jpeg,opioid,Slide088.jpeg,opioid_instrument_hand,4.22,1.805,4.7,2.57,89.67,14.45,88.33,16.36,0,0.07407,0.62963,0.2963,0.55556,4.3,1.75,4.85,2.39,89.45,15.89,87.85,18.24,0,0,0.75,0.25,0.75,4,2.082,4.29,3.2,90.29,10.23,89.71,10.16,0,0.28571,0.28571,0.4286,0,0.116,0.194,0.194,0.189,0.588,0.201,0.87543,0.090036,4,TRUE,2
control Slide106.jpeg,control,Slide106.jpeg,control_tool_face,4.85,1.231,2.67,1.98,8.85,17.73,9.44,17.56,1,0,0,0,0,4.7,1.342,2.8,2.04,8.35,18.06,8.85,17.9,1,0,0,0,0,5.29,0.756,2.29,1.89,10.29,18.05,11.14,17.81,1,0,0,0,0,0.254,0.374,0.559,0.233,0.512,0.272,0.81182,0.091641,6,TRUE,3
opioid Slide031.jpeg,opioid,Slide031.jpeg,opioid_hand,4.64,1.87,4.61,2.69,91.32,12.72,94.14,10.14,0.07143,0.5,0.03571,0.39286,-0.46429,4.76,1.895,4.9,2.53,91.43,12.82,93.05,11.47,0.04762,0.52381,0,0.42857,-0.52381,4.29,1.89,3.71,3.15,91,13.39,97.43,2.7,0.14286,0.42857,0.14286,0.2857,-0.28571,0.405,0.353,0.392,0.209,0.413,0.264,0.9424,0.091658,2,TRUE,0
opioid Slide087.jpeg,opioid,Slide087.jpeg,opioid_instrument_hand,4.3,1.54,4.63,2.6,88.52,15.71,88.78,17.08,0,0.11111,0.7037,0.18519,0.59259,4.35,1.424,4.75,2.45,87.65,17.51,87.3,19.45,0,0,0.85,0.15,0.85,4.14,1.952,4.29,3.2,91,9.43,93,6.19,0,0.42857,0.28571,0.2857,-0.14286,0.102,0.108,0.485,0.328,0.261,0.235,0.53422,0.09235,4,TRUE,1
opioid Slide070.jpeg,opioid,Slide070.jpeg,opioid_instrument_hand,4.44,2.063,4.85,3.02,88.85,14.81,89.7,16.01,0,0.14815,0.07407,0.77778,-0.07407,4.75,1.86,5.1,2.85,87.7,16.77,88.2,18.15,0,0.05,0.05,0.9,0,3.57,2.507,4.14,3.63,92.14,6.49,94,6.19,0,0.42857,0.14286,0.4286,-0.28571,0.396,0.327,0.133,0.093,0.523,0.214,0.33119,0.092634,4,TRUE,3
opioid Slide071.jpeg,opioid,Slide071.jpeg,opioid_instrument_hand,4.15,1.975,4.74,2.63,89.44,15.19,88.96,16.29,0.03704,0.03704,0.33333,0.59259,0.2963,4.1,1.944,4.9,2.47,88.75,17.02,87.35,18.41,0,0,0.35,0.65,0.35,4.29,2.215,4.29,3.2,91.43,8.73,93.57,6.58,0.14286,0.14286,0.28571,0.4286,0.14286,0.115,0.137,0.178,0.123,0.592,0.228,0.60052,0.092973,4,TRUE,0
opioid Slide095.jpeg,opioid,Slide095.jpeg,opioid_injection_hand,3.85,2.107,4.81,2.57,88,17.9,89.59,15.94,0,0.03704,0.74074,0.22222,0.7037,4.05,2.012,5.3,2.36,88.1,18.41,88.75,17.88,0,0,0.75,0.25,0.75,3.29,2.43,3.43,2.82,87.71,17.75,92,8.93,0,0.14286,0.71429,0.1429,0.57143,0.302,0.37,0.242,0.175,0.588,0.385,0.9618,0.095112,5,TRUE,1
control Slide116.jpeg,control,Slide116.jpeg,control_tool_face,4.89,1.281,2.93,2.11,16.56,28.49,20.26,26.36,0.96296,0.03704,0,0,-0.03704,5,1.338,3.05,2.24,18.3,31.61,19.8,28.25,0.95,0.05,0,0,-0.05,4.57,1.134,2.57,1.81,11.57,17.71,21.57,21.94,1,0,0,0,0,0.331,0.323,0.393,0.308,0.47,0.271,0.4977,0.09601,6,TRUE,0
opioid Slide065.jpeg,opioid,Slide065.jpeg,opioid_injection_instrument,4.26,1.913,4.96,2.65,86.67,18.84,87.3,18.95,0,0.07407,0.7037,0.22222,0.62963,4.45,1.986,5.4,2.58,87.6,19.18,86.95,19.86,0,0,0.75,0.25,0.75,3.71,1.704,3.71,2.63,84,19.01,88.29,17.48,0,0.28571,0.57143,0.1429,0.28571,0.258,0.306,0.507,0.357,0.298,0.201,0.67562,0.097617,3,TRUE,0
opioid Slide073.jpeg,opioid,Slide073.jpeg,opioid_instrument_hand,4.07,2.071,4.64,2.79,91.32,20.15,92.57,19.67,0,0.07143,0.42857,0.5,0.35714,4.24,1.947,4.9,2.64,90.48,22.6,90.81,22.54,0,0,0.52381,0.47619,0.52381,3.57,2.507,3.86,3.29,93.86,10.75,97.86,2.19,0,0.28571,0.14286,0.5714,-0.14286,0.21,0.321,0.182,0.185,0.612,0.2,0.6019,0.097768,4,TRUE,1
opioid Slide001.jpeg,opioid,Slide001.jpeg,opioid,4.68,1.722,4.39,2.75,88.04,14.1,92.14,11.57,0,0,0.92857,0.07143,0.92857,5,1.673,4.76,2.76,88.62,13.97,92.62,11.96,0,0,0.95238,0.04762,0.95238,3.71,1.604,3.29,2.63,86.29,15.49,90.71,11.06,0,0,0.85714,0.1429,0.85714,0.028,0.114,0.013,0.093,0.115,0.275,0.73142,0.098778,1,TRUE,2
opioid Slide028.jpeg,opioid,Slide028.jpeg,opioid_hand,4.44,1.368,4.07,2.37,80.81,21.16,83.07,21.29,0,0.44444,0.25926,0.2963,-0.18519,4.4,1.536,4.2,2.33,79.75,22.29,81.35,22.53,0,0.5,0.2,0.3,-0.3,4.57,0.787,3.71,2.63,83.86,18.75,88,17.85,0,0.28571,0.42857,0.2857,0.14286,0.433,0.456,0.106,0.105,0.492,0.168,0.64366,0.099989,2,TRUE,2
control Slide111.jpeg,control,Slide111.jpeg,control_tool_face,4.93,0.874,2.7,2.13,12.59,22.71,11.37,22.41,0.96296,0,0.03704,0,0.03704,4.8,0.894,2.55,1.88,11.9,20.31,8.75,17.96,1,0,0,0,0,5.29,0.756,3.14,2.85,14.57,30.38,18.86,32.66,0.85714,0,0.14286,0,0.14286,0.456,0.342,0.307,0.224,0.357,0.296,0.83416,0.100434,6,TRUE,0
opioid Slide011.jpeg,opioid,Slide011.jpeg,opioid,4.89,1.663,4.61,2.41,89.14,14.61,89.86,14.33,0,0,0.89286,0.10714,0.89286,5,1.581,4.71,2.35,90.76,13.25,90.71,12.73,0,0,0.90476,0.09524,0.90476,4.57,1.988,4.29,2.75,84.29,18.38,87.29,19.33,0,0,0.85714,0.1429,0.85714,0.091,0.125,0.439,0.239,0.503,0.255,0.41398,0.110211,1,TRUE,2
opioid Slide102.jpeg,opioid,Slide102.jpeg,opioid_face_activities,4.63,1.944,4.78,2.59,89.93,13.6,89.63,14.37,0,0.11111,0.11111,0.77778,0,4.55,1.849,5,2.45,89.45,15.16,88.4,16.28,0,0.05,0.15,0.8,0.1,4.86,2.34,4.14,3.08,91.29,8.46,93.14,5.98,0,0.28571,0,0.7143,-0.28571,0.278,0.328,0.271,0.119,0.615,0.19,0.69791,0.11035,6,TRUE,0
opioid Slide006.jpeg,opioid,Slide006.jpeg,opioid,4.75,1.456,4.46,2.56,84.43,21.1,88.96,18.55,0,0.39286,0.17857,0.42857,-0.21429,4.95,1.244,4.76,2.39,82.52,23.17,87.71,20.87,0,0.42857,0.14286,0.42857,-0.28571,4.14,1.952,3.57,3.05,90.14,12.75,92.71,8.65,0,0.28571,0.28571,0.4286,0,0.483,0.26,0.383,0.184,0.296,0.259,0.28865,0.113594,1,TRUE,1
opioid Slide007.jpeg,opioid,Slide007.jpeg,opioid,4.89,2.006,4.44,2.68,84.41,19.57,85.81,19.27,0,0,0.96296,0.03704,0.96296,5.15,1.872,4.5,2.67,82.7,21.89,83.75,21.68,0,0,0.95,0.05,0.95,4.14,2.34,4.29,2.93,89.29,10.31,91.71,8.1,0,0,1,0,1,0.205,0.286,0.538,0.337,0.313,0.321,0.30366,0.114438,1,TRUE,1
control Slide043.jpeg,control,Slide043.jpeg,control_tool,4.89,1.343,2.39,1.87,8.64,17.34,10.21,17.32,1,0,0,0,0,4.86,1.558,2.43,1.91,8.38,17.52,10.38,17.49,1,0,0,0,0,5,0,2.29,1.89,9.43,18.15,9.71,18.16,1,0,0,0,0,0.613,0.226,0.336,0.245,0.201,0.155,0.89651,0.117466,3,TRUE,3
control Slide022.jpeg,control,Slide022.jpeg,control_objects_hand,5.04,1.055,2.7,2.15,18.19,28.57,15,24.05,0.96296,0,0.03704,0,0.03704,4.9,1.021,2.65,1.98,11.15,20.24,11.25,20.1,1,0,0,0,0,5.43,1.134,2.86,2.73,38.29,40.04,25.71,32.36,0.85714,0,0.14286,0,0.14286,0.302,0.352,0.316,0.174,0.416,0.3,0.12889,0.117816,2,TRUE,0
opioid Slide074.jpeg,opioid,Slide074.jpeg,opioid_instrument_hand,4.56,1.805,4.81,2.6,85.44,22.66,88.37,16.86,0,0.07407,0.7037,0.22222,0.62963,4.6,1.818,4.8,2.59,90.25,15.26,89.2,17.24,0,0,0.85,0.15,0.85,4.43,1.902,4.86,2.85,71.71,34.5,86,16.77,0,0.28571,0.28571,0.4286,0,0.393,0.384,0.24,0.152,0.584,0.237,0.21243,0.119505,4,TRUE,0
opioid Slide030.jpeg,opioid,Slide030.jpeg,opioid_hand,4.89,1.499,4.57,2.78,85.96,21.98,89.25,21.96,0.03571,0.46429,0.07143,0.42857,-0.39286,4.9,1.446,4.86,2.78,84,24.76,87,24.84,0,0.52381,0.04762,0.42857,-0.47619,4.86,1.773,3.71,2.81,91.86,8.8,96,6.45,0.14286,0.28571,0.14286,0.4286,-0.14286,0.324,0.333,0.468,0.139,0.481,0.327,0.22678,0.119961,2,TRUE,1
control Slide033.jpeg,control,Slide033.jpeg,control_tool,4.78,1.155,2.52,1.95,7.78,15.89,10.81,17.63,1,0,0,0,0,4.6,1.231,2.65,1.98,8.35,18.06,12.15,19.99,1,0,0,0,0,5.29,0.756,2.14,1.95,6.14,7.52,7,7.62,1,0,0,0,0,0.617,0.204,0.317,0.184,0.241,0.348,0.65886,0.127259,3,TRUE,2
opioid Slide024.jpeg,opioid,Slide024.jpeg,opioid_hand,4.7,1.772,4.52,2.76,87.3,16.87,88.26,16.19,0,0,0.96296,0.03704,0.96296,4.85,1.755,4.7,2.74,86.85,18.35,86.65,18.32,0,0,0.95,0.05,0.95,4.29,1.89,4,3,88.57,12.86,92.86,6.36,0,0,1,0,1,0.108,0.249,0.503,0.223,0.467,0.207,0.79029,0.128162,2,TRUE,0
opioid Slide013.jpeg,opioid,Slide013.jpeg,opioid,4.82,1.806,4.36,2.77,85.86,22.18,86.68,23.16,0.03571,0,0.57143,0.39286,0.57143,4.9,1.758,4.71,2.72,84.52,24.21,84.05,25.97,0.04762,0,0.61905,0.33333,0.61905,4.57,2.07,3.29,2.81,89.86,15.31,94.57,8.28,0,0,0.42857,0.5714,0.42857,0.502,0.205,0.34,0.273,0.433,0.325,0.50545,0.128493,1,TRUE,0
control Slide105.jpeg,control,Slide105.jpeg,control_tool_face,4.86,1.671,2.14,1.78,8.32,20.67,10.86,22.29,1,0,0,0,0,4.81,1.94,1.9,1.67,4.81,11.62,8.71,15.75,1,0,0,0,0,5,0,2.86,2.04,18.86,36.05,17.29,36.66,1,0,0,0,0,0.343,0.326,0.291,0.195,0.432,0.203,0.34743,0.131854,6,TRUE,1
opioid Slide091.jpeg,opioid,Slide091.jpeg,opioid_injection_hand,4.43,2.08,5.25,3,95.39,9.92,94.82,10.58,0,0,0.53571,0.46429,0.53571,4.57,2.111,5.67,2.8,95.43,11.19,94,12.07,0,0,0.57143,0.42857,0.57143,4,2.082,4,3.46,95.29,5.02,97.29,2.81,0,0,0.42857,0.5714,0.42857,0.069,0.054,0.406,0.14,0.574,0.17,0.96356,0.134673,5,TRUE,2
control Slide097.jpeg,control,Slide097.jpeg,control_tool_hand_complex,4.64,1.521,2.11,1.73,6.89,15.39,8.61,15.55,1,0,0,0,0,4.81,1.537,2.05,1.72,8.1,17.62,10.62,17.53,1,0,0,0,0,4.14,1.464,2.29,1.89,3.29,3.25,2.57,2.82,1,0,0,0,0,0.152,0.268,0.455,0.197,0.479,0.277,0.24532,0.13497,5,TRUE,2
opioid Slide112.jpeg,opioid,Slide112.jpeg,opioid_face_activities,4.37,1.822,4.67,2.66,90.81,12.46,91.85,11.8,0,0.07407,0.44444,0.48148,0.37037,4.4,1.729,4.85,2.56,90.85,13.67,91.65,13.08,0,0,0.6,0.4,0.6,4.29,2.215,4.14,3.08,90.71,8.99,92.43,7.85,0,0.28571,0,0.7143,-0.28571,0.571,0.297,0.214,0.144,0.347,0.303,0.97668,0.140046,6,TRUE,0
opioid Slide032.jpeg,opioid,Slide032.jpeg,opioid_hand,4.63,1.735,4.37,2.32,83.33,21.79,85.48,19.22,0.03704,0,0.88889,0.07407,0.88889,4.8,1.673,4.4,2.19,80.8,23.99,83.05,21.25,0.05,0,0.85,0.1,0.85,4.14,1.952,4.29,2.87,90.57,12.35,92.43,9.73,0,0,1,0,1,0.099,0.053,0.483,0.241,0.528,0.198,0.18406,0.142274,2,TRUE,3
opioid Slide116.jpeg,opioid,Slide116.jpeg,opioid_face_activities,4.37,1.843,4.59,2.68,87.44,18.43,86.48,19.4,0.03704,0.07407,0.48148,0.40741,0.40741,4.4,1.759,4.7,2.56,86.5,20.7,84.5,21.88,0.05,0,0.65,0.3,0.65,4.29,2.215,4.29,3.2,90.14,10.14,92.14,8.09,0,0.28571,0,0.7143,-0.28571,0.191,0.345,0.591,0.342,0.294,0.301,0.55072,0.152998,6,TRUE,1
opioid Slide025.jpeg,opioid,Slide025.jpeg,opioid_hand,4.52,1.718,4.59,2.61,82.22,19.35,84.63,18.77,0.03704,0,0.96296,0,0.96296,4.6,1.698,4.6,2.68,84.2,19.94,85.3,19.78,0.05,0,0.95,0,0.95,4.29,1.89,4.57,2.57,76.57,17.71,82.71,16.77,0,0,1,0,1,0.061,0.135,0.51,0.24,0.504,0.184,0.3619,0.157037,2,TRUE,3
control Slide034.jpeg,control,Slide034.jpeg,control_tool,5,1.515,2.93,2.14,13.25,22.71,12.79,21.4,0.96429,0.03571,0,0,-0.03571,5,1.761,2.76,2.21,13.48,24.47,15.48,23.86,0.95238,0.04762,0,0,-0.04762,5,0,3.43,1.99,12.57,17.98,4.71,7.87,1,0,0,0,0,0.292,0.208,0.227,0.11,0.163,0.22,0.9181,0.158362,3,TRUE,1
control Slide090.jpeg,control,Slide090.jpeg,control_tool_hand_complex,4.89,1.05,2.52,1.95,10.07,18.05,10.74,17.92,1,0,0,0,0,4.85,1.226,2.45,1.93,8.45,17.98,9.45,17.89,1,0,0,0,0,5,0,2.71,2.14,14.71,18.83,14.43,18.9,1,0,0,0,0,0.298,0.225,0.338,0.203,0.532,0.316,0.46098,0.158572,5,TRUE,3
control Slide003.jpeg,control,Slide003.jpeg,control_objects,4.96,1.478,2.68,2.11,13.5,26.65,14.57,26.98,0.92857,0,0.03571,0.03571,0.03571,4.81,1.569,2.48,1.89,9.33,17.88,9.86,17.92,0.95238,0,0,0.04762,0,5.43,1.134,3.29,2.75,26,43.43,28.71,43.51,0.85714,0,0.14286,0,0.14286,0.182,0.275,0.394,0.247,0.529,0.135,0.35759,0.167801,1,TRUE,0
opioid Slide104.jpeg,opioid,Slide104.jpeg,opioid_face_activities,4.19,2.149,4.56,2.74,87.59,15.96,88.63,16.57,0.03704,0.07407,0.11111,0.77778,0.03704,4.35,2.059,4.7,2.68,87.35,16.81,87.45,18.7,0.05,0,0.15,0.8,0.15,3.71,2.498,4.14,3.08,88.29,14.41,92,8,0,0.28571,0,0.7143,-0.28571,0.519,0.197,0.447,0.234,0.385,0.2,0.88985,0.169995,6,TRUE,1
control Slide056.jpeg,control,Slide056.jpeg,control_tool,4.85,1.35,2.26,1.83,6.33,16.03,7.48,15.7,1,0,0,0,0,4.8,1.576,2.45,1.93,7.15,18.46,9,18,1,0,0,0,0,5,0,1.71,1.5,4,5.13,3.14,3.48,1,0,0,0,0,0.087,0.162,0.331,0.152,0.222,0.223,0.49625,0.171114,3,TRUE,3
control Slide107.jpeg,control,Slide107.jpeg,control_tool_face,5.04,1.055,2.74,1.95,12.52,19.21,13.11,19.2,1,0,0,0,0,5.05,1.234,2.75,1.94,12.25,20.11,12.8,20.02,1,0,0,0,0,5,0,2.71,2.14,13.29,17.81,14,18.09,1,0,0,0,0,0.404,0.304,0.294,0.258,0.53,0.313,0.90035,0.172052,6,TRUE,2
control Slide098.jpeg,control,Slide098.jpeg,control_tool_hand_complex,4.79,1.792,2.21,1.75,5.54,13.07,6.61,13.24,1,0,0,0,0,4.86,1.982,2.19,1.75,5.9,14.83,7.14,15.11,1,0,0,0,0,4.57,1.134,2.29,1.89,4.43,5.77,5,4.83,1,0,0,0,0,0.355,0.282,0.349,0.248,0.578,0.252,0.70843,0.17261,5,TRUE,0
control Slide108.jpeg,control,Slide108.jpeg,control_tool_face,4.81,1.178,2.63,2,9.11,17.85,9.89,17.55,1,0,0,0,0,4.75,1.372,2.6,2.01,8.35,18.01,9.2,17.82,1,0,0,0,0,5,0,2.71,2.14,11.29,18.6,11.86,17.98,1,0,0,0,0,0.389,0.402,0.279,0.22,0.516,0.287,0.72444,0.173918,6,TRUE,1
opioid Slide108.jpeg,opioid,Slide108.jpeg,opioid_face_activities,4.07,1.88,4.59,2.63,86.26,19.21,84.52,21.41,0,0.11111,0.40741,0.48148,0.2963,4.25,1.888,4.95,2.65,87.9,18.29,85.2,21.54,0,0.05,0.45,0.5,0.4,3.57,1.902,3.57,2.51,81.57,22.49,82.57,22.6,0,0.28571,0.28571,0.4286,0,0.101,0.15,0.155,0.163,0.703,0.226,0.51927,0.174235,6,TRUE,3
control Slide030.jpeg,control,Slide030.jpeg,control_objects_hand,5.04,1.815,2.43,2.18,10.64,23.27,13.54,22.93,0.96429,0,0,0.03571,0,5.19,1.887,2.52,2.29,13.38,26.42,16.57,25.68,0.95238,0,0,0.04762,0,4.57,1.618,2.14,1.95,2.43,2.57,4.43,6.35,1,0,0,0,0,0.233,0.354,0.307,0.215,0.497,0.279,0.07492,0.174747,2,TRUE,3
control Slide045.jpeg,control,Slide045.jpeg,control_tool,4.93,0.385,2.67,1.98,11.59,19.79,12.11,19.49,0.92593,0.03704,0,0.03704,-0.03704,4.9,0.447,2.85,2.01,13.9,21.92,14.45,21.68,0.9,0.05,0,0.05,-0.05,5,0,2.14,1.95,5,10.3,5.43,9.38,1,0,0,0,0,0.647,0.441,0.303,0.231,0.086,0.119,0.16883,0.176114,3,TRUE,1
control Slide023.jpeg,control,Slide023.jpeg,control_objects_hand,5.04,1.774,2.54,2.12,9.18,20.78,8.79,19.86,0.96429,0.03571,0,0,-0.03571,4.9,1.947,1.95,1.66,3.67,10.98,7.05,14.97,1,0,0,0,0,5.43,1.134,4.29,2.5,25.71,33.41,14,31.39,0.85714,0.14286,0,0,-0.14286,0.533,0.316,0.257,0.205,0.453,0.247,0.13373,0.176547,2,TRUE,3
control Slide112.jpeg,control,Slide112.jpeg,control_tool_face,4.7,1.068,2.56,1.93,7.56,15.85,11.19,17.57,1,0,0,0,0,4.6,1.231,2.65,1.98,8.35,18.03,13.15,19.82,1,0,0,0,0,5,0,2.29,1.89,5.29,7.2,5.57,6.6,1,0,0,0,0,0.374,0.306,0.286,0.232,0.528,0.274,0.53463,0.176556,6,TRUE,3
control Slide024.jpeg,control,Slide024.jpeg,control_objects_hand,5.19,1.039,2.7,2.25,7.37,15.71,8.33,15.73,1,0,0,0,0,5.1,1.021,3.05,2.39,8.6,18.07,9.05,17.98,1,0,0,0,0,5.43,1.134,1.71,1.5,3.86,3.98,6.29,6.47,1,0,0,0,0,0.387,0.285,0.261,0.133,0.504,0.258,0.28256,0.179606,2,TRUE,0
control Slide021.jpeg,control,Slide021.jpeg,control_objects_hand,4.96,1.427,2.39,1.81,11.43,21.41,12.18,21.84,0.96429,0.03571,0,0,-0.03571,5,1.643,2,1.55,7.95,17.64,9.48,17.59,1,0,0,0,0,4.86,0.378,3.57,2.15,21.86,29.25,20.29,31.82,0.85714,0.14286,0,0,-0.14286,0.428,0.329,0.273,0.12,0.522,0.254,0.27118,0.181697,2,TRUE,3
opioid Slide005.jpeg,opioid,Slide005.jpeg,opioid,4.43,1.814,4.89,2.53,87.61,20.78,90.32,19.59,0,0.5,0.10714,0.39286,-0.39286,4.67,1.683,5.19,2.27,86.05,22.86,88.95,22.33,0,0.47619,0.09524,0.42857,-0.38095,3.71,2.138,4,3.21,92.29,12.93,94.43,6.24,0,0.57143,0.14286,0.2857,-0.42857,0.582,0.124,0.149,0.098,0.495,0.331,0.38299,0.18655,1,TRUE,3
opioid Slide082.jpeg,opioid,Slide082.jpeg,opioid_instrument_hand,4.29,1.761,4.79,2.79,91.64,13.88,93.36,13.47,0,0.21429,0.32143,0.46429,0.10714,4.33,1.713,5.14,2.65,91.14,15.37,93.38,15.1,0,0.19048,0.42857,0.38095,0.2381,4.14,2.035,3.71,3.15,93.14,8.69,93.29,7.52,0,0.28571,0,0.7143,-0.28571,0.443,0.27,0.576,0.282,0.281,0.284,0.67489,0.200786,4,TRUE,3
opioid Slide090.jpeg,opioid,Slide090.jpeg,opioid_injection_hand,4.3,2.072,4.67,2.88,87.52,18.3,88.89,17.57,0,0.03704,0.14815,0.81481,0.11111,4.45,2.235,5,2.96,87.95,18.74,89.5,17.9,0,0,0.15,0.85,0.15,3.86,1.574,3.71,2.63,86.29,18.34,87.14,17.84,0,0.14286,0.14286,0.7143,0,0.145,0.172,0.244,0.122,0.744,0.206,0.84104,0.202097,5,TRUE,3
control Slide101.jpeg,control,Slide101.jpeg,control_tool_face,4.93,1.386,2.46,1.99,14.32,25.2,14.89,24.89,1,0,0,0,0,4.9,1.609,2.24,1.81,12.24,21.64,13.38,21.37,1,0,0,0,0,5,0,3.14,2.48,20.57,35.17,19.43,35.11,1,0,0,0,0,0.393,0.265,0.305,0.195,0.591,0.259,0.57186,0.203355,6,TRUE,2
opioid Slide003.jpeg,opioid,Slide003.jpeg,opioid,4.64,1.81,4.46,2.76,89.25,13.92,94.11,11.11,0.03571,0.42857,0.03571,0.5,-0.39286,4.9,1.64,4.71,2.65,88.95,14.16,94.14,12.5,0,0.52381,0,0.47619,-0.52381,3.86,2.193,3.71,3.15,90.14,14.24,94,5.86,0.14286,0.14286,0.14286,0.5714,0,0.646,0.236,0.123,0.075,0.328,0.256,0.85163,0.205629,1,TRUE,0
control Slide092.jpeg,control,Slide092.jpeg,control_tool_hand_complex,4.48,1.312,2.37,1.9,7.56,15.89,8.74,15.87,1,0,0,0,0,4.4,1.465,2.4,1.96,8.15,18.07,9.35,17.8,1,0,0,0,0,4.71,0.756,2.29,1.89,5.86,7.45,7,9.13,1,0,0,0,0,0.424,0.332,0.221,0.09,0.498,0.244,0.64568,0.205721,5,TRUE,1
opioid Slide092.jpeg,opioid,Slide092.jpeg,opioid_injection_hand,4.07,2.218,4.93,2.84,87.19,17.94,89.48,15.99,0,0.11111,0.03704,0.85185,-0.07407,4.25,2.124,5.3,2.54,88.3,18.27,88.05,18.13,0,0.05,0.05,0.9,0,3.57,2.573,3.86,3.58,84,17.93,93.57,6.43,0,0.28571,0,0.7143,-0.28571,0.179,0.297,0.654,0.151,0.274,0.162,0.59792,0.207233,5,TRUE,0
control Slide038.jpeg,control,Slide038.jpeg,control_tool,4.86,1.557,2.36,1.87,9.11,17.39,9.11,17.28,1,0,0,0,0,4.95,1.687,2.19,1.83,8.71,17.71,9.05,17.46,1,0,0,0,0,4.57,1.134,2.86,2.04,10.29,17.67,9.29,18.09,1,0,0,0,0,0.101,0.197,0.366,0.161,0.508,0.233,0.84259,0.210721,3,TRUE,1
control Slide118.jpeg,control,Slide118.jpeg,control_tool_face,4.89,1.641,2.32,1.89,9.57,17.27,11.96,17.95,1,0,0,0,0,5,1.789,2.24,1.73,9.29,17.57,13.43,19.97,1,0,0,0,0,4.57,1.134,2.57,2.44,10.43,17.65,7.57,9.5,1,0,0,0,0,0.401,0.234,0.201,0.123,0.48,0.263,0.88481,0.212102,6,TRUE,3
control Slide091.jpeg,control,Slide091.jpeg,control_tool_hand_complex,5.11,1.771,2.14,1.8,5.5,11.81,7.96,15.56,1,0,0,0,0,5.14,2.056,2.14,1.8,5.76,13.31,7.1,14.86,1,0,0,0,0,5,0,2.14,1.95,4.71,6.05,10.57,18.51,1,0,0,0,0,0.14,0.232,0.298,0.163,0.485,0.269,0.77934,0.214029,5,TRUE,2
control Slide055.jpeg,control,Slide055.jpeg,control_tool,4.93,1.412,2.26,1.83,10,18,9.59,17.77,1,0,0,0,0,4.7,1.342,2.45,1.93,9,18.32,8.85,18.04,1,0,0,0,0,5.57,1.512,1.71,1.5,12.86,18.11,11.71,18.21,1,0,0,0,0,0.23,0.332,0.225,0.338,0.463,0.278,0.63847,0.214894,3,TRUE,3
opioid Slide072.jpeg,opioid,Slide072.jpeg,opioid_instrument_hand,4.3,1.564,4.41,2.37,81.33,21.15,82.15,21.16,0.03704,0.07407,0.14815,0.74074,0.07407,4.45,1.572,4.65,2.3,79.8,22.17,79.85,22.15,0.05,0,0.2,0.75,0.2,3.86,1.574,3.71,2.63,85.71,18.78,88.71,17.82,0,0.28571,0,0.7143,-0.28571,0.369,0.35,0.188,0.301,0.733,0.143,0.50708,0.216194,4,TRUE,2
opioid Slide106.jpeg,opioid,Slide106.jpeg,opioid_face_activities,4.33,2.038,4.81,2.54,87.96,17.41,87.89,18.22,0,0.11111,0.14815,0.74074,0.03704,4.45,2.064,5,2.34,86.6,19.78,86.15,20.79,0,0.05,0.15,0.8,0.1,4,2.082,4.29,3.2,91.86,7.08,92.86,5.64,0,0.28571,0.14286,0.5714,-0.14286,0.156,0.268,0.662,0.288,0.227,0.287,0.31905,0.220709,6,TRUE,2
control Slide070.jpeg,control,Slide070.jpeg,control_tool_hand_simple,4.67,1.441,2.89,2.22,12.93,23.2,11.52,21.77,1,0,0,0,0,4.4,1.465,2.8,2.04,11.25,20.12,9.2,17.87,1,0,0,0,0,5.43,1.134,3.14,2.85,17.71,31.85,18.14,31.19,1,0,0,0,0,0.379,0.411,0.123,0.153,0.258,0.264,0.62892,0.228034,4,TRUE,3
control Slide032.jpeg,control,Slide032.jpeg,control_objects_hand,4.63,1.363,2.63,2.08,15.15,22.94,15,23.82,0.96296,0,0.03704,0,0.03704,4.4,1.465,2.4,1.96,14.05,21.58,13.5,21.67,1,0,0,0,0,5.29,0.756,3.29,2.43,18.29,28.12,19.29,30.7,0.85714,0,0.14286,0,0.14286,0.374,0.371,0.233,0.113,0.562,0.272,0.72542,0.232709,2,TRUE,2
control Slide008.jpeg,control,Slide008.jpeg,control_objects,4.81,1.241,3.37,2.32,12.74,22.41,14.15,23.59,0.96296,0,0.03704,0,0.03704,4.6,1.231,3.05,2.24,9.45,18.01,9.4,17.91,1,0,0,0,0,5.43,1.134,4.29,2.5,22.14,31.78,27.71,33.25,0.85714,0,0.14286,0,0.14286,0.289,0.261,0.192,0.158,0.491,0.236,0.34808,0.236866,1,TRUE,2
opioid Slide021.jpeg,opioid,Slide021.jpeg,opioid_hand,4.82,1.906,4.64,2.72,84.75,18.32,88.75,17.04,0,0,0.96429,0.03571,0.96429,4.9,1.972,5,2.68,82.95,20.07,86.76,19.2,0,0,0.95238,0.04762,0.95238,4.57,1.813,3.57,2.76,90.14,11.08,94.71,4.86,0,0,1,0,1,0.241,0.4,0.216,0.268,0.789,0.245,0.24979,0.241058,2,TRUE,0
control Slide104.jpeg,control,Slide104.jpeg,control_tool_face,4.85,1.231,2.52,1.95,9.33,17.69,11.26,17.49,1,0,0,0,0,4.8,1.436,2.45,1.93,8.65,18.01,10.2,17.58,1,0,0,0,0,5,0,2.71,2.14,11.29,17.98,14.29,18.21,1,0,0,0,0,0.088,0.065,0.522,0.222,0.621,0.241,0.74517,0.241069,6,TRUE,0
opioid Slide097.jpeg,opioid,Slide097.jpeg,opioid_injection_hand,4.43,2.098,4.61,2.83,93.86,10.92,92.07,20.61,0.03571,0.14286,0,0.82143,-0.14286,4.57,2.014,4.86,2.71,92.9,12.34,90.14,23.57,0.04762,0.09524,0,0.85714,-0.09524,4,2.449,3.86,3.29,96.71,4.03,97.86,2.85,0,0.28571,0,0.7143,-0.28571,0.625,0.307,0.36,0.304,0.49,0.39,0.22923,0.242325,5,TRUE,0
control Slide058.jpeg,control,Slide058.jpeg,control_tool,4.86,1.649,2.21,1.89,7.39,15.92,14.18,21.12,1,0,0,0,0,5,1.703,2.19,1.94,7.76,17.68,13.67,21.72,1,0,0,0,0,4.43,1.512,2.29,1.89,6.29,9.84,15.71,20.75,1,0,0,0,0,0.363,0.463,0.108,0.163,0.254,0.393,0.78596,0.243449,3,TRUE,3
opioid Slide022.jpeg,opioid,Slide022.jpeg,opioid_hand,4.85,1.725,4.37,2.79,77.11,27.45,74.74,29.03,0.14815,0,0.77778,0.07407,0.77778,4.9,1.651,4.5,2.78,82.25,24.07,77.9,27.23,0.15,0,0.75,0.1,0.75,4.71,2.059,4,3,62.43,33.04,65.71,34.31,0.14286,0,0.85714,0,0.85714,0.132,0.263,0.321,0.171,0.776,0.125,0.18151,0.245841,2,TRUE,2
control Slide100.jpeg,control,Slide100.jpeg,control_tool_hand_complex,4.78,1.155,2.33,1.92,8.85,17.64,16.37,24.97,1,0,0,0,0,4.7,1.342,2.4,1.96,10.9,20.12,20.05,27.94,1,0,0,0,0,5,0,2.14,1.95,3,3.65,5.86,7.56,1,0,0,0,0,0.257,0.275,0.274,0.178,0.601,0.212,0.1072,0.249926,5,TRUE,3
control Slide059.jpeg,control,Slide059.jpeg,control_tool,4.7,1.068,2.41,1.89,9.37,17.64,7.81,15.72,1,0,0,0,0,4.6,1.231,2.5,1.91,11.6,19.98,9.75,17.86,1,0,0,0,0,5,0,2.14,1.95,3,4.51,2.29,3.68,1,0,0,0,0,0.096,0.223,0.261,0.351,0.04,0.125,0.08503,0.251437,3,TRUE,3
opioid Slide120.jpeg,opioid,Slide120.jpeg,opioid_face_activities,4.36,2.129,5,2.75,93.82,10.78,94.36,10.8,0.03571,0.14286,0.17857,0.64286,0.03571,4.48,2.064,5.38,2.52,93.05,11.88,93.48,11.99,0,0.09524,0.2381,0.66667,0.14286,4,2.449,3.86,3.29,96.14,6.59,97,5.92,0.14286,0.28571,0,0.5714,-0.28571,0.082,0.195,0.688,0.209,0.302,0.306,0.40007,0.252072,6,TRUE,3
control Slide029.jpeg,control,Slide029.jpeg,control_objects_hand,4.86,1.627,2.36,2.06,13.43,28.15,15.18,28,0.96429,0,0,0.03571,0,4.9,1.609,2.1,1.73,13,26.66,15.76,27.52,1,0,0,0,0,4.71,1.799,3.14,2.85,14.71,34.57,13.43,31.6,0.85714,0,0,0.1429,0,0.064,0.053,0.219,0.081,0.274,0.206,0.90738,0.258633,2,TRUE,1
control Slide099.jpeg,control,Slide099.jpeg,control_tool_hand_complex,4.78,1.251,2.7,2.13,9.93,19.89,9.37,17.55,1,0,0,0,0,4.55,1.234,2.6,2.01,12.4,22.65,11.5,19.96,1,0,0,0,0,5.43,1.134,3,2.58,2.86,3.39,3.29,3.68,1,0,0,0,0,0.202,0.253,0.337,0.226,0.641,0.261,0.0818,0.261254,5,TRUE,1
control Slide013.jpeg,control,Slide013.jpeg,control_objects,4.79,1.548,2.29,1.98,10.25,22.02,14,25.01,0.92857,0,0.07143,0,0.07143,4.67,1.77,2.05,1.75,5.48,12.9,9.14,14.56,1,0,0,0,0,5.14,0.378,3,2.58,24.57,36.18,28.57,42.17,0.71429,0,0.28571,0,0.28571,0.6,0.134,0.154,0.117,0.402,0.256,0.2167,0.26202,1,TRUE,1
control Slide031.jpeg,control,Slide031.jpeg,control_objects_hand,4.82,2.056,2.25,1.96,11.71,23.19,9.07,14.86,1,0,0,0,0,4.62,2.269,2.1,1.84,6.81,14.85,9.95,16.64,1,0,0,0,0,5.43,1.134,2.71,2.36,26.43,36.7,6.43,7.72,1,0,0,0,0,0.068,0.106,0.437,0.124,0.623,0.186,0.21285,0.275922,2,TRUE,1
control Slide093.jpeg,control,Slide093.jpeg,control_tool_hand_complex,4.93,1.514,2.32,1.81,20.29,33.43,10.96,19.09,1,0,0,0,0,4.95,1.687,2.33,1.83,24.05,36.67,11.95,19.59,1,0,0,0,0,4.86,0.9,2.29,1.89,9,18.64,8,18.61,1,0,0,0,0,0.209,0.256,0.242,0.175,0.606,0.262,0.17277,0.291381,5,TRUE,1
control Slide072.jpeg,control,Slide072.jpeg,control_tool_hand_simple,4.93,1.269,2.7,2.13,12.78,23.46,15.19,22.85,0.96296,0.03704,0,0,-0.03704,4.9,1.483,2.9,2.2,16,26.55,18.4,25.62,0.95,0.05,0,0,-0.05,5,0,2.14,1.95,3.57,4.47,6,7.21,1,0,0,0,0,0.038,0.112,0.217,0.334,0.133,0.292,0.05659,0.291422,4,TRUE,3
control Slide025.jpeg,control,Slide025.jpeg,control_objects_hand,4.89,1.155,2.89,2.21,10.78,22.01,10.93,22.29,0.96296,0,0.03704,0,0.03704,4.7,1.129,2.8,2.02,9.6,18.15,8.6,17.9,1,0,0,0,0,5.43,1.134,3.14,2.85,14.14,32.22,17.57,32.69,0.85714,0,0.14286,0,0.14286,0.104,0.215,0.354,0.178,0.63,0.287,0.73327,0.292532,2,TRUE,2
control Slide094.jpeg,control,Slide094.jpeg,control_tool_hand_complex,5.14,1.976,2.39,2.25,10.5,21.78,11.82,21.87,0.92857,0.03571,0,0.03571,-0.03571,5,2.121,1.95,1.66,6.33,15.41,8.1,15.68,0.95238,0,0,0.04762,0,5.57,1.512,3.71,3.3,23,33.17,23,33.73,0.85714,0.14286,0,0,-0.14286,0.107,0.088,0.479,0.301,0.69,0.278,0.24061,0.29409,5,TRUE,0
control Slide103.jpeg,control,Slide103.jpeg,control_tool_face,5.04,1.835,2.54,2.06,8.71,17.49,10.82,19.02,0.96429,0.03571,0,0,-0.03571,5.1,1.972,2.71,2.24,10.71,19.79,13.43,21.31,0.95238,0.04762,0,0,-0.04762,4.86,1.464,2,1.41,2.71,3.99,3,4.32,1,0,0,0,0,0.356,0.313,0.127,0.123,0.528,0.222,0.09303,0.302949,6,TRUE,2
control Slide011.jpeg,control,Slide011.jpeg,control_objects,4.93,1.654,2.46,1.95,11.29,22.26,12.43,22.28,0.96429,0,0.03571,0,0.03571,4.86,1.905,2.29,1.74,8.43,17.81,9.76,17.92,1,0,0,0,0,5.14,0.378,3,2.58,19.86,32.53,20.43,32.62,0.85714,0,0.14286,0,0.14286,0.043,0.107,0.176,0.251,0.279,0.343,0.40401,0.308066,1,TRUE,2
opioid Slide119.jpeg,opioid,Slide119.jpeg,opioid_face_activities,4.46,1.895,4.64,2.63,92.86,13.39,93.32,13.03,0,0.25,0.17857,0.57143,-0.07143,4.62,1.717,4.9,2.41,91.67,15.17,91.81,14.75,0,0.2381,0.2381,0.52381,0,4,2.449,3.86,3.29,96.43,4.39,97.86,2.61,0,0.28571,0,0.7143,-0.28571,0.105,0.239,0.748,0.306,0.33,0.321,0.20988,0.310229,6,TRUE,3
control Slide026.jpeg,control,Slide026.jpeg,control_objects_hand,4.93,1.386,2.36,1.93,20,35.34,11.71,21.53,0.96429,0.03571,0,0,-0.03571,4.81,1.537,2.29,1.79,17.1,32.39,10.9,17.67,1,0,0,0,0,5.29,0.756,2.57,2.44,28.71,44.77,14.14,32.18,0.85714,0.14286,0,0,-0.14286,0.358,0.291,0.151,0.123,0.588,0.226,0.54363,0.317609,2,TRUE,2
opioid Slide083.jpeg,opioid,Slide083.jpeg,opioid_instrument_hand,4.63,1.69,4.63,2.48,85.78,17.96,85.67,18.01,0,0.07407,0.40741,0.51852,0.33333,4.65,1.755,4.65,2.48,87.7,18.23,87.2,18.83,0,0.05,0.5,0.45,0.45,4.57,1.618,4.57,2.7,80.29,17.24,81.29,15.89,0,0.14286,0.14286,0.7143,0,0.094,0.209,0.741,0.247,0.429,0.339,0.35534,0.320558,4,TRUE,3
control Slide068.jpeg,control,Slide068.jpeg,control_tool,5,1.515,2.79,1.97,11.68,20.86,13.32,19.68,0.96429,0.03571,0,0,-0.03571,5.05,1.746,2.52,1.89,12.24,21.64,14.71,21.95,0.95238,0.04762,0,0,-0.04762,4.86,0.378,3.57,2.15,10,19.8,9.14,10.49,1,0,0,0,0,0.133,0.249,0.19,0.384,0.54,0.097,0.80491,0.323489,3,TRUE,0
control Slide073.jpeg,control,Slide073.jpeg,control_tool_hand_simple,4.89,1.343,2.32,1.81,12.68,19.37,11.57,19.54,0.96429,0.03571,0,0,-0.03571,4.86,1.558,2.29,1.85,12.86,20.43,11.29,20.65,0.95238,0.04762,0,0,-0.04762,5,0,2.43,1.81,12.14,17.26,12.43,17.17,1,0,0,0,0,0.037,0.094,0.16,0.258,0.134,0.244,0.92944,0.338825,4,TRUE,0
control Slide115.jpeg,control,Slide115.jpeg,control_tool_face,4.78,0.847,2.52,1.95,17.93,27.47,20.56,27.33,0.92593,0.07407,0,0,-0.07407,4.7,0.979,2.45,1.93,13.65,27.02,16.6,26.79,1,0,0,0,0,5,0,2.71,2.14,30.14,26.89,31.86,27.61,0.71429,0.28571,0,0,-0.28571,0.261,0.268,0.199,0.188,0.651,0.262,0.19166,0.340923,6,TRUE,3
control Slide067.jpeg,control,Slide067.jpeg,control_tool,4.7,1.068,2.52,1.95,6.96,15.73,7.15,15.77,1,0,0,0,0,4.6,1.231,2.65,1.98,8.35,18.06,8.6,17.99,1,0,0,0,0,5,0,2.14,1.95,3,3.92,3,5.13,1,0,0,0,0,0.015,0.039,0.153,0.281,0.192,0.355,0.22598,0.351398,3,TRUE,0
control Slide039.jpeg,control,Slide039.jpeg,control_tool,4.85,1.35,2.37,1.84,9.63,17.93,10.04,17.91,1,0,0,0,0,4.6,1.231,2.45,1.93,8.5,18.08,8.7,18.02,1,0,0,0,0,5.57,1.512,2.14,1.68,12.86,18.48,13.86,18.4,1,0,0,0,0,0.038,0.085,0.127,0.238,0.166,0.309,0.60069,0.361829,3,TRUE,0
control Slide119.jpeg,control,Slide119.jpeg,control_tool_face,4.79,1.572,2.14,2.01,8.32,21.29,10.29,22.22,0.96429,0,0,0.03571,0,4.62,1.746,1.76,1.61,6.1,15.04,8.9,18.69,1,0,0,0,0,5.29,0.756,3.29,2.75,15,34.87,14.43,32.11,0.85714,0,0,0.1429,0,0.373,0.395,0.201,0.203,0.709,0.281,0.5337,0.370611,6,TRUE,1
control Slide027.jpeg,control,Slide027.jpeg,control_objects_hand,5.04,0.437,2.89,2.17,19.67,32.16,12.63,22.41,0.96296,0,0.03704,0,0.03704,4.95,0.224,2.8,1.96,21,33.49,11.25,20.11,1,0,0,0,0,5.29,0.756,3.14,2.85,15.86,30.12,16.57,29.52,0.85714,0,0.14286,0,0.14286,0.082,0.041,0.429,0.133,0.743,0.193,0.71264,0.373414,2,TRUE,2
control Slide096.jpeg,control,Slide096.jpeg,control_tool_hand_complex,4.96,1.453,2.57,1.89,13.21,24.78,12.61,19.45,1,0,0,0,0,4.95,1.687,2.62,1.96,9.52,18.61,13.57,20.21,1,0,0,0,0,5,0,2.43,1.81,24.29,37.67,9.71,18.12,1,0,0,0,0,0.128,0.162,0.321,0.28,0.738,0.17,0.35192,0.389969,5,TRUE,2
control Slide002.jpeg,control,Slide002.jpeg,control_objects,4.96,0.898,2.67,2.13,13.93,23.27,16.11,25.08,0.96296,0,0.03704,0,0.03704,4.9,1.021,2.55,2.01,11.85,20.58,15.25,23.41,1,0,0,0,0,5.14,0.378,3,2.58,19.86,30.82,18.57,31.33,0.85714,0,0.14286,0,0.14286,0.393,0.298,0.09,0.15,0.611,0.175,0.54057,0.39047,1,TRUE,3
opioid Slide023.jpeg,opioid,Slide023.jpeg,opioid_hand,4.93,1.654,4.32,2.71,87.68,16.4,86.21,17.46,0,0,0.96429,0.03571,0.96429,5.24,1.411,4.62,2.62,87.19,17.62,86.95,17.55,0,0,0.95238,0.04762,0.95238,4,2.082,3.43,2.99,89.14,13.09,84,18.38,0,0,1,0,1,0.493,0.236,0.2,0.116,0.853,0.102,0.76004,0.391658,2,TRUE,3
control Slide117.jpeg,control,Slide117.jpeg,control_tool_face,4.89,0.577,2.56,1.93,9.81,18.02,10.81,17.78,1,0,0,0,0,4.85,0.671,2.5,1.91,11.4,20.01,12.6,19.89,1,0,0,0,0,5,0,2.71,2.14,5.29,10.34,5.71,8.69,1,0,0,0,0,0.24,0.244,0.213,0.251,0.716,0.227,0.31527,0.392525,6,TRUE,2
control Slide110.jpeg,control,Slide110.jpeg,control_tool_face,4.79,1.729,2.25,1.82,10.61,23.34,11.25,23.15,1,0,0,0,0,4.67,1.653,2.1,1.64,12.81,26.6,13.43,26.42,1,0,0,0,0,5.14,2.035,2.71,2.36,4,4.97,4.71,4.31,1,0,0,0,0,0.238,0.249,0.244,0.172,0.741,0.222,0.16188,0.394061,6,TRUE,3
control Slide077.jpeg,control,Slide077.jpeg,control_tool_hand_simple,5.21,1.228,2.75,2.2,16.96,28.1,16.57,27.46,0.96429,0,0.03571,0,0.03571,5.19,1.365,2.62,2.16,15.33,26.86,14.67,25.49,1,0,0,0,0,5.29,0.756,3.14,2.48,21.86,33.34,22.29,34.32,0.85714,0,0.14286,0,0.14286,0.367,0.259,0.157,0.174,0.699,0.194,0.65027,0.398939,4,TRUE,2
control Slide081.jpeg,control,Slide081.jpeg,control_tool_hand_simple,4.96,1.453,2.25,1.88,12.11,20.28,13.21,20.08,1,0,0,0,0,4.81,1.537,2.29,1.9,10.57,19.68,12,19.53,1,0,0,0,0,5.43,1.134,2.14,1.95,16.71,22.95,16.86,22.87,1,0,0,0,0,0.061,0.17,0.088,0.179,0.101,0.228,0.54117,0.399266,4,TRUE,3
control Slide037.jpeg,control,Slide037.jpeg,control_tool,4.75,1.691,2.14,1.72,6.46,13.57,7.18,11.09,1,0,0,0,0,4.81,1.861,2.05,1.72,4.57,11.72,7.19,12.29,1,0,0,0,0,4.57,1.134,2.43,1.81,12.14,17.9,7.14,7.06,1,0,0,0,0,0.247,0.298,0.204,0.083,0.719,0.19,0.32663,0.400186,3,TRUE,0
control Slide120.jpeg,control,Slide120.jpeg,control_tool_face,4.82,1.786,2.54,1.9,6.89,15.5,7.64,15.35,1,0,0,0,0,4.9,1.972,2.24,1.81,7.95,17.75,9.24,17.44,1,0,0,0,0,4.57,1.134,3.43,1.99,3.71,3.86,2.86,3.18,1,0,0,0,0,0.496,0.303,0.158,0.151,0.695,0.271,0.31596,0.402605,6,TRUE,2
control Slide071.jpeg,control,Slide071.jpeg,control_tool_hand_simple,4.85,0.77,2.56,1.93,10.26,19.39,11.11,19.26,1,0,0,0,0,4.8,0.894,2.65,1.98,10.8,20.17,11.15,20.09,1,0,0,0,0,5,0,2.29,1.89,8.71,18.33,11,18.14,1,0,0,0,0,0.016,0.064,0.105,0.208,0.138,0.26,0.80525,0.405025,4,TRUE,1
control Slide001.jpeg,control,Slide001.jpeg,control_objects,5.07,1.412,2.36,2,14.25,22,11.14,20.88,0.89286,0,0.07143,0.03571,0.07143,5.05,1.564,2.05,1.72,11.14,18.58,7.1,15.05,0.90476,0,0.09524,0,0.09524,5.14,0.9,3.29,2.63,23.57,29.88,23.29,31.26,0.85714,0,0,0.1429,0,0.176,0.364,0.053,0.11,0.516,0.1,0.33213,0.420141,1,TRUE,3
control Slide041.jpeg,control,Slide041.jpeg,control_tool,4.7,1.068,2.44,1.89,11.33,19.24,13.81,20.26,1,0,0,0,0,4.6,1.231,2.45,1.93,11.05,20.12,14.5,21.36,1,0,0,0,0,5,0,2.43,1.9,12.14,17.88,11.86,18.09,1,0,0,0,0,0.092,0.221,0.075,0.192,0.474,0.074,0.89521,0.420665,3,TRUE,2
control Slide048.jpeg,control,Slide048.jpeg,control_tool,5,1.466,2.21,1.75,7.57,15.84,8.04,15.49,1,0,0,0,0,4.86,1.558,2.14,1.77,7.1,15.43,7.67,14.99,1,0,0,0,0,5.43,1.134,2.43,1.81,9,18.24,9.14,18.13,1,0,0,0,0,0.099,0.26,0.064,0.198,0.04,0.151,0.80947,0.421997,3,TRUE,0
control Slide075.jpeg,control,Slide075.jpeg,control_tool_hand_simple,4.61,1.75,2.21,1.95,7.43,18.67,9.57,19.52,0.96429,0,0,0.03571,0,4.48,1.834,1.86,1.59,5.24,14.9,8.05,15.46,1,0,0,0,0,5,1.528,3.29,2.63,14,27.59,14.14,29.75,0.85714,0,0,0.1429,0,0.029,0.106,0.062,0.137,0.174,0.321,0.44808,0.432861,4,TRUE,2
control Slide084.jpeg,control,Slide084.jpeg,control_tool_hand_simple,4.56,1.368,2.63,2.06,16.41,29.76,15.04,25.44,1,0,0,0,0,4.75,1.209,2.45,1.93,13.7,27.03,16.9,27.72,1,0,0,0,0,4,1.732,3.14,2.48,24.14,37.84,9.71,18.08,1,0,0,0,0,0.052,0.202,0.094,0.188,0.488,0.081,0.5196,0.433784,4,TRUE,1
control Slide016.jpeg,control,Slide016.jpeg,control_objects,5.15,0.949,2.93,2.02,12.37,21.58,10.04,19.8,0.96296,0.03704,0,0,-0.03704,5.1,1.021,2.6,1.88,11.7,20.08,8.85,17.94,1,0,0,0,0,5.29,0.756,3.86,2.27,14.29,27.1,13.43,25.71,0.85714,0.14286,0,0,-0.14286,0.014,0.067,0.099,0.274,0.062,0.201,0.82269,0.435341,1,TRUE,0
control Slide113.jpeg,control,Slide113.jpeg,control_tool_face,4.96,1.551,2.79,2.27,10,19.09,9.93,19.33,0.92857,0.07143,0,0,-0.07143,4.95,1.802,2.76,2.3,8.52,15.56,9.05,17.45,0.95238,0.04762,0,0,-0.04762,5,0,2.86,2.34,14.43,28.33,12.57,25.59,0.85714,0.14286,0,0,-0.14286,0.087,0.048,0.224,0.197,0.698,0.222,0.61483,0.440049,6,TRUE,0
control Slide053.jpeg,control,Slide053.jpeg,control_tool,4.79,1.893,2.29,1.86,12,24.17,12.79,24.31,1,0,0,0,0,4.57,2.063,2.1,1.81,12.67,26.27,14.19,26.22,1,0,0,0,0,5.43,1.134,2.86,2.04,10,17.98,8.57,18.46,1,0,0,0,0,0.017,0.053,0.086,0.238,0.079,0.209,0.76827,0.440126,3,TRUE,0
control Slide028.jpeg,control,Slide028.jpeg,control_objects_hand,4.96,0.98,2.67,2.15,13.15,24,14.07,23.86,0.96296,0,0.03704,0,0.03704,4.8,0.894,2.65,1.98,13,21.94,13.6,21.63,1,0,0,0,0,5.43,1.134,2.71,2.75,13.57,31.16,15.43,31.34,0.85714,0,0.14286,0,0.14286,0.136,0.206,0.481,0.173,0.849,0.139,0.96535,0.442658,2,TRUE,1
control Slide064.jpeg,control,Slide064.jpeg,control_tool,4.7,1.068,2.7,1.96,13.48,24.77,14.26,24.65,1,0,0,0,0,4.6,1.231,2.7,1.95,13.7,27.13,14.25,26.94,1,0,0,0,0,5,0,2.71,2.14,12.86,18.08,14.29,18.26,1,0,0,0,0,0.036,0.113,0.072,0.216,0.062,0.182,0.92764,0.446624,3,TRUE,2
control Slide009.jpeg,control,Slide009.jpeg,control_objects,4.74,0.944,2.67,1.98,16.63,26.4,11.19,17.79,0.96296,0,0,0.03704,0,4.65,1.089,2.65,1.98,13.6,21.73,9.9,17.76,1,0,0,0,0,5,0,2.71,2.14,25.29,37.5,14.86,18.77,0.85714,0,0,0.1429,0,0.131,0.149,0.092,0.123,0.591,0.168,0.45942,0.446706,1,TRUE,3
control Slide042.jpeg,control,Slide042.jpeg,control_tool,4.96,0.192,2.7,1.96,14.19,21.69,12.56,20.52,1,0,0,0,0,4.95,0.224,2.9,1.97,15.65,23.1,13.4,21.74,1,0,0,0,0,5,0,2.14,1.95,10,17.94,10.14,17.86,1,0,0,0,0,0.099,0.214,0.058,0.156,0.504,0.102,0.51847,0.448881,3,TRUE,2
control Slide109.jpeg,control,Slide109.jpeg,control_tool_face,4.93,1.741,2.29,1.86,12.5,27.28,13.71,25.55,1,0,0,0,0,4.81,1.965,2.33,1.88,15.52,30.98,14.38,27.99,1,0,0,0,0,5.29,0.756,2.14,1.95,3.43,4.54,11.71,17.89,1,0,0,0,0,0.248,0.345,0.152,0.176,0.726,0.229,0.09667,0.450384,6,TRUE,1
control Slide076.jpeg,control,Slide076.jpeg,control_tool_hand_simple,4.79,1.371,2.46,1.88,9.68,17.81,9.07,17.36,1,0,0,0,0,4.81,1.537,2.48,1.94,9.33,18.15,8.43,17.54,1,0,0,0,0,4.71,0.756,2.43,1.81,10.71,18.09,11,18.04,1,0,0,0,0,0.018,0.085,0.061,0.147,0.118,0.258,0.86463,0.453869,4,TRUE,2
control Slide012.jpeg,control,Slide012.jpeg,control_objects,5.25,1.818,2.39,1.77,15.46,29.28,9.43,17.38,1,0,0,0,0,5.43,2.039,2.38,1.8,10.95,25.2,6.95,14.95,1,0,0,0,0,4.71,0.756,2.43,1.81,29,38.17,16.86,23,1,0,0,0,0,0.059,0.16,0.008,0.061,0.234,0.358,0.27683,0.467001,1,TRUE,0
control Slide095.jpeg,control,Slide095.jpeg,control_tool_hand_complex,4.85,0.77,2.81,2,15.81,26.56,12.11,18.99,1,0,0,0,0,4.8,0.894,2.85,2.01,13.1,21.88,11.85,19.77,1,0,0,0,0,5,0,2.71,2.14,23.57,38.04,12.86,17.99,1,0,0,0,0,0.095,0.086,0.238,0.209,0.743,0.136,0.51144,0.467118,5,TRUE,0
control Slide087.jpeg,control,Slide087.jpeg,control_tool_hand_simple,4.96,0.759,2.93,2.15,41.81,31.41,42,30.71,0.62963,0.33333,0,0.03704,-0.33333,5,0.324,2.8,1.96,42.7,32.3,43.3,30.77,0.65,0.35,0,0,-0.35,4.86,1.464,3.29,2.75,39.29,31,38.29,32.65,0.57143,0.28571,0,0.1429,-0.28571,0.015,0.097,0.061,0.203,0.075,0.241,0.8087,0.469371,4,TRUE,2
control Slide040.jpeg,control,Slide040.jpeg,control_tool,4.78,0.801,2.59,1.91,12.59,24.85,14.93,25.51,1,0,0,0,0,4.7,0.923,2.5,1.91,8.4,18.07,11.6,19.89,1,0,0,0,0,5,0,2.86,2.04,24.57,37.64,24.43,37.74,1,0,0,0,0,0.045,0.13,0.037,0.101,0.056,0.149,0.3104,0.48063,3,TRUE,1
control Slide005.jpeg,control,Slide005.jpeg,control_objects,4.61,1.595,1.93,1.54,6.71,15.51,7.54,15.66,1,0,0,0,0,4.62,1.746,1.76,1.45,5.67,14.8,7.05,15.17,1,0,0,0,0,4.57,1.134,2.43,1.81,9.86,18.37,9,18.24,1,0,0,0,0,0.036,0.097,0.083,0.161,0.539,0.142,0.59789,0.483306,1,TRUE,2
control Slide080.jpeg,control,Slide080.jpeg,control_tool_hand_simple,5.07,1.562,2.36,2.04,11.11,23.31,13.5,24.35,1,0,0,0,0,5.1,1.814,2.38,2.13,13.24,26.49,16.24,27.43,1,0,0,0,0,5,0,2.29,1.89,4.71,6.55,5.29,7.41,1,0,0,0,0,0.019,0.079,0.092,0.184,0.538,0.106,0.18732,0.486169,4,TRUE,1
control Slide014.jpeg,control,Slide014.jpeg,control_objects,5.04,1.503,2.11,1.97,13.86,27.67,10.54,21.89,0.96429,0,0.03571,0,0.03571,4.95,1.687,1.95,1.66,13.71,26.26,9.33,17.69,1,0,0,0,0,5.29,0.756,2.57,2.82,14.29,33.87,14.14,33.05,0.85714,0,0.14286,0,0.14286,0.028,0.071,0.08,0.175,0.543,0.121,0.96844,0.494633,1,TRUE,0
control Slide069.jpeg,control,Slide069.jpeg,control_tool_hand_simple,4.86,1.627,2.25,1.97,13.86,27.64,10.93,22,1,0,0,0,0,4.71,1.821,2.05,1.72,13.19,26.55,9.38,17.56,1,0,0,0,0,5.29,0.756,2.86,2.67,15.86,32.9,15.57,33.4,1,0,0,0,0,0.022,0.067,0.082,0.166,0.553,0.121,0.85029,0.503017,4,TRUE,0
control Slide083.jpeg,control,Slide083.jpeg,control_tool_hand_simple,4.85,1.35,2.56,1.93,7.85,16.21,11.26,19.27,1,0,0,0,0,4.8,1.576,2.7,1.95,8.55,18.02,11.15,20.07,1,0,0,0,0,5,0,2.14,1.95,5.86,10.17,11.57,18.27,1,0,0,0,0,0.038,0.169,0.043,0.146,0.5,0.146,0.63427,0.503793,4,TRUE,0
control Slide085.jpeg,control,Slide085.jpeg,control_tool_hand_simple,4.64,1.545,2.39,1.87,6.79,15.44,7.71,15.23,1,0,0,0,0,4.52,1.778,2.1,1.73,5.52,14.81,7.05,14.6,1,0,0,0,0,5,0,3.29,2.14,10.57,17.87,9.71,18.08,1,0,0,0,0,0.042,0.156,0.045,0.134,0.512,0.098,0.51729,0.504833,4,TRUE,1
control Slide078.jpeg,control,Slide078.jpeg,control_tool_hand_simple,5.07,0.385,2.3,1.84,10.59,19.45,12.7,20.6,1,0,0,0,0,5.1,0.447,2.5,1.93,12.75,22.07,15.6,23.14,1,0,0,0,0,5,0,1.71,1.5,4.43,6.05,4.43,5.86,1,0,0,0,0,0.016,0.066,0.072,0.168,0.533,0.102,0.13889,0.506329,4,TRUE,0
control Slide079.jpeg,control,Slide079.jpeg,control_tool_hand_simple,4.44,1.251,2.44,1.87,8.96,18.58,9.56,18.15,1,0,0,0,0,4.65,1.089,2.55,1.88,10.05,21.17,10.55,20.53,1,0,0,0,0,3.86,1.574,2.14,1.95,5.86,7.82,6.71,8.92,1,0,0,0,0,0.015,0.075,0.075,0.18,0.55,0.14,0.45957,0.51385,4,TRUE,1
control Slide006.jpeg,control,Slide006.jpeg,control_objects,4.96,1.753,2.11,1.91,12.96,27.4,12.11,22.68,0.96429,0,0,0.03571,0,4.81,1.914,1.81,1.6,9.95,25.23,8.52,17.68,1,0,0,0,0,5.43,1.134,3,2.58,22,33.62,22.86,33.05,0.85714,0,0,0.1429,0,0.038,0.078,0.041,0.094,0.525,0.116,0.40858,0.51915,1,TRUE,2
control Slide082.jpeg,control,Slide082.jpeg,control_tool_hand_simple,4.82,1.634,2.14,1.8,8.64,16.63,10.04,18.04,0.96429,0,0,0.03571,0,4.76,1.895,2.05,1.83,6.29,14.95,8,16.09,1,0,0,0,0,5,0,2.43,1.81,15.71,20.55,16.14,23.33,0.85714,0,0,0.1429,0,0.014,0.072,0.054,0.143,0.542,0.13,0.29464,0.532376,4,TRUE,3
control Slide015.jpeg,control,Slide015.jpeg,control_objects,4.74,1.095,2.48,1.87,12.78,24.83,9.67,17.58,1,0,0,0,0,4.65,1.268,2.45,1.93,13.25,27.26,9.1,17.89,1,0,0,0,0,5,0,2.57,1.81,11.43,17.78,11.29,17.9,1,0,0,0,0,0,0,0,0,0.527,0.197,0.84337,0.596729,1,TRUE,1
control Slide004.jpeg,control,Slide004.jpeg,control_objects,4.59,1.185,2.37,1.98,7.78,15.8,8.48,16.11,1,0,0,0,0,4.6,1.231,2.25,1.86,8.9,17.93,9.65,18.04,1,0,0,0,0,4.57,1.134,2.71,2.43,4.57,6.88,5.14,8.76,1,0,0,0,0,0,0.002,0,0,0.544,0.219,0.37375,0.606436,1,TRUE,1
