ImageSet,File,hue_mean,hue_sd,saturation_mean, saturation_sd,value_mean, value_sd
iaps,1019.jpg, 0.173, 0.166, 0.790, 0.231, 0.404, 0.343
iaps,1022.jpg, 0.074, 0.114, 0.403, 0.412, 0.291, 0.394
iaps,1026.jpg, 0.108, 0.069, 0.523, 0.163, 0.429, 0.190
iaps,1030.jpg, 0.106, 0.135, 0.712, 0.358, 0.448, 0.299
iaps,1033.jpg, 0.168, 0.129, 0.352, 0.185, 0.385, 0.242
iaps,1040.jpg, 0.210, 0.248, 0.738, 0.217, 0.329, 0.316
iaps,1050.jpg, 0.488, 0.304, 0.869, 0.225, 0.158, 0.228
iaps,1051.jpg, 0.069, 0.108, 0.387, 0.415, 0.222, 0.342
iaps,1052.jpg, 0.304, 0.184, 0.696, 0.329, 0.260, 0.324
iaps,1070.jpg, 0.430, 0.231, 0.714, 0.259, 0.194, 0.283
iaps,1080.jpg, 0.295, 0.382, 0.445, 0.184, 0.477, 0.201
iaps,1090.jpg, 0.267, 0.126, 0.275, 0.207, 0.636, 0.275
iaps,1101.jpg, 0.059, 0.085, 0.360, 0.398, 0.248, 0.345
iaps,1110.jpg, 0.310, 0.364, 0.425, 0.273, 0.483, 0.245
iaps,1111.jpg, 0.198, 0.193, 0.629, 0.339, 0.461, 0.325
iaps,1112.jpg, 0.225, 0.142, 0.451, 0.208, 0.404, 0.211
iaps,1113.jpg, 0.120, 0.281, 0.473, 0.419, 0.105, 0.182
iaps,1114.jpg, 0.185, 0.285, 0.338, 0.192, 0.443, 0.242
iaps,1120.jpg, 0.213, 0.386, 0.777, 0.302, 0.314, 0.333
iaps,1121.jpg, 0.113, 0.144, 0.304, 0.343, 0.194, 0.268
iaps,1122.jpg, 0.312, 0.302, 0.095, 0.110, 0.705, 0.197
iaps,1200.jpg, 0.267, 0.283, 0.939, 0.072, 0.433, 0.266
iaps,1201.jpg, 0.230, 0.149, 0.161, 0.213, 0.564, 0.367
iaps,1202.jpg, 0.080, 0.046, 0.224, 0.119, 0.794, 0.117
iaps,1205.jpg, 0.305, 0.378, 0.445, 0.218, 0.370, 0.223
iaps,1220.jpg, 0.193, 0.271, 0.808, 0.194, 0.450, 0.247
iaps,1230.jpg, 0.175, 0.225, 0.557, 0.394, 0.343, 0.324
iaps,1240.jpg, 0.132, 0.270, 0.641, 0.439, 0.180, 0.198
iaps,1270.jpg, 0.553, 0.156, 0.404, 0.192, 0.573, 0.234
iaps,1271.jpg, 0.179, 0.183, 0.435, 0.244, 0.599, 0.269
iaps,1274.jpg, 0.516, 0.128, 0.497, 0.181, 0.562, 0.224
iaps,1275.jpg, 0.528, 0.050, 0.515, 0.188, 0.636, 0.253
iaps,1280.jpg, 0.427, 0.407, 0.482, 0.396, 0.339, 0.335
iaps,1300.jpg, 0.149, 0.311, 0.678, 0.379, 0.207, 0.224
iaps,1301.jpg, 0.172, 0.178, 0.247, 0.252, 0.370, 0.363
iaps,1302.jpg, 0.275, 0.159, 0.325, 0.219, 0.428, 0.311
iaps,1303.jpg, 0.499, 0.324, 0.261, 0.209, 0.277, 0.277
iaps,1304.jpg, 0.461, 0.348, 0.333, 0.226, 0.205, 0.191
iaps,1310.jpg, 0.162, 0.305, 0.543, 0.418, 0.263, 0.300
iaps,1313.jpg, 0.086, 0.105, 0.415, 0.428, 0.202, 0.297
iaps,1321.jpg, 0.081, 0.147, 0.209, 0.241, 0.209, 0.296
iaps,1333.jpg, 0.275, 0.317, 0.452, 0.237, 0.417, 0.309
iaps,1340.jpg, 0.393, 0.358, 0.368, 0.233, 0.469, 0.301
iaps,1350.jpg, 0.262, 0.248, 0.188, 0.110, 0.591, 0.318
iaps,1390.jpg, 0.094, 0.118, 0.805, 0.214, 0.637, 0.238
iaps,1410.jpg, 0.171, 0.073, 0.314, 0.161, 0.559, 0.175
iaps,1419.jpg, 0.572, 0.348, 0.309, 0.146, 0.231, 0.244
iaps,1440.jpg, 0.157, 0.055, 0.404, 0.213, 0.644, 0.164
iaps,1441.jpg, 0.446, 0.239, 0.414, 0.156, 0.855, 0.106
iaps,1450.jpg, 0.516, 0.232, 0.692, 0.361, 0.175, 0.284
iaps,1460.jpg, 0.270, 0.272, 0.378, 0.277, 0.463, 0.193
iaps,1463.jpg, 0.186, 0.258, 0.523, 0.314, 0.615, 0.344
iaps,1500.jpg, 0.116, 0.084, 0.773, 0.258, 0.396, 0.217
iaps,1505.jpg, 0.189, 0.223, 0.302, 0.245, 0.628, 0.237
iaps,1510.jpg, 0.146, 0.186, 0.585, 0.275, 0.315, 0.329
iaps,1525.jpg, 0.214, 0.239, 0.295, 0.311, 0.096, 0.137
iaps,1540.jpg, 0.272, 0.355, 0.412, 0.172, 0.662, 0.275
iaps,1560.jpg, 0.576, 0.161, 0.344, 0.203, 0.619, 0.353
iaps,1590.jpg, 0.351, 0.347, 0.329, 0.129, 0.522, 0.289
iaps,1595.jpg, 0.211, 0.107, 0.393, 0.145, 0.717, 0.170
iaps,1600.jpg, 0.321, 0.261, 0.528, 0.252, 0.551, 0.309
iaps,1601.jpg, 0.101, 0.163, 0.277, 0.366, 0.357, 0.370
iaps,1602.jpg, 0.280, 0.302, 0.467, 0.210, 0.358, 0.290
iaps,1603.jpg, 0.230, 0.311, 0.747, 0.241, 0.723, 0.286
iaps,1604.jpg, 0.716, 0.307, 0.577, 0.284, 0.359, 0.343
iaps,1605.jpg, 0.127, 0.073, 0.535, 0.214, 0.630, 0.264
iaps,1610.jpg, 0.421, 0.361, 0.342, 0.246, 0.320, 0.313
iaps,1616.jpg, 0.142, 0.092, 0.811, 0.248, 0.644, 0.377
iaps,1617.jpg, 0.178, 0.334, 0.299, 0.283, 0.208, 0.264
iaps,1620.jpg, 0.497, 0.228, 0.445, 0.189, 0.562, 0.253
iaps,1630.jpg, 0.281, 0.145, 0.387, 0.152, 0.693, 0.122
iaps,1640.jpg, 0.544, 0.374, 0.318, 0.216, 0.330, 0.308
iaps,1645.jpg, 0.582, 0.088, 0.084, 0.054, 0.765, 0.192
iaps,1650.jpg, 0.398, 0.317, 0.345, 0.190, 0.438, 0.249
iaps,1659.jpg, 0.352, 0.259, 0.197, 0.163, 0.471, 0.242
iaps,1660.jpg, 0.160, 0.272, 0.334, 0.153, 0.452, 0.277
iaps,1661.jpg, 0.079, 0.136, 0.267, 0.345, 0.173, 0.296
iaps,1670.jpg, 0.208, 0.075, 0.517, 0.283, 0.592, 0.332
iaps,1675.jpg, 0.126, 0.199, 0.259, 0.223, 0.380, 0.340
iaps,1710.jpg, 0.112, 0.105, 0.523, 0.286, 0.574, 0.302
iaps,1720.jpg, 0.104, 0.050, 0.505, 0.238, 0.520, 0.280
iaps,1721.jpg, 0.267, 0.293, 0.654, 0.223, 0.311, 0.251
iaps,1722.jpg, 0.178, 0.079, 0.765, 0.173, 0.418, 0.289
iaps,1726.jpg, 0.166, 0.188, 0.617, 0.257, 0.401, 0.239
iaps,1731.jpg, 0.519, 0.189, 0.413, 0.312, 0.598, 0.281
iaps,1740.jpg, 0.206, 0.130, 0.404, 0.276, 0.453, 0.253
iaps,1750.jpg, 0.188, 0.341, 0.833, 0.177, 0.398, 0.276
iaps,1810.jpg, 0.096, 0.098, 0.564, 0.253, 0.368, 0.201
iaps,1811.jpg, 0.101, 0.230, 0.400, 0.406, 0.303, 0.384
iaps,1812.jpg, 0.211, 0.169, 0.534, 0.204, 0.243, 0.166
iaps,1820.jpg, 0.546, 0.388, 0.274, 0.166, 0.355, 0.227
iaps,1850.jpg, 0.229, 0.201, 0.245, 0.349, 0.557, 0.379
iaps,1900.jpg, 0.500, 0.406, 0.423, 0.250, 0.612, 0.265
iaps,1903.jpg, 0.469, 0.189, 0.252, 0.216, 0.914, 0.070
iaps,1908.jpg, 0.150, 0.233, 0.454, 0.367, 0.307, 0.349
iaps,1910.jpg, 0.091, 0.219, 0.833, 0.213, 0.367, 0.237
iaps,1920.jpg, 0.513, 0.160, 0.307, 0.151, 0.604, 0.214
iaps,1930.jpg, 0.202, 0.190, 0.484, 0.367, 0.290, 0.293
iaps,1931.jpg, 0.571, 0.028, 0.917, 0.123, 0.691, 0.140
iaps,1932.jpg, 0.628, 0.225, 0.272, 0.170, 0.384, 0.289
iaps,1935.jpg, 0.249, 0.175, 0.300, 0.207, 0.378, 0.289
iaps,1942.jpg, 0.515, 0.176, 0.683, 0.172, 0.803, 0.229
iaps,1945.jpg, 0.181, 0.142, 0.720, 0.222, 0.423, 0.354
iaps,1947.jpg, 0.611, 0.118, 0.694, 0.188, 0.526, 0.252
iaps,1999.jpg, 0.231, 0.358, 0.576, 0.299, 0.459, 0.378
iaps,2000.jpg, 0.411, 0.442, 0.686, 0.393, 0.342, 0.298
iaps,2002.jpg, 0.517, 0.347, 0.404, 0.200, 0.594, 0.288
iaps,2005.jpg, 0.198, 0.233, 0.207, 0.289, 0.277, 0.391
iaps,2010.jpg, 0.241, 0.303, 0.593, 0.298, 0.249, 0.245
iaps,2018.jpg, 0.088, 0.065, 0.497, 0.218, 0.423, 0.394
iaps,2019.jpg, 0.357, 0.229, 0.278, 0.231, 0.507, 0.280
iaps,2020.jpg, 0.115, 0.109, 0.776, 0.323, 0.477, 0.261
iaps,2025.jpg, 0.219, 0.271, 0.259, 0.234, 0.233, 0.248
iaps,2026.jpg, 0.301, 0.381, 0.452, 0.347, 0.582, 0.300
iaps,2030.jpg, 0.278, 0.221, 0.341, 0.367, 0.789, 0.263
iaps,2032.jpg, 0.136, 0.208, 0.289, 0.247, 0.605, 0.363
iaps,2034.jpg, 0.357, 0.295, 0.354, 0.229, 0.550, 0.215
iaps,2035.jpg, 0.287, 0.287, 0.525, 0.294, 0.536, 0.314
iaps,2036.jpg, 0.355, 0.369, 0.384, 0.316, 0.528, 0.311
iaps,2037.jpg, 0.400, 0.432, 0.720, 0.205, 0.565, 0.263
iaps,2038.jpg, 0.130, 0.277, 0.513, 0.371, 0.231, 0.286
iaps,2039.jpg, 0.332, 0.341, 0.399, 0.277, 0.395, 0.282
iaps,2040.jpg, 0.286, 0.230, 0.487, 0.253, 0.554, 0.341
iaps,2045.jpg, 0.300, 0.297, 0.263, 0.260, 0.548, 0.297
iaps,2050.jpg, 0.218, 0.336, 0.348, 0.391, 0.223, 0.320
iaps,2053.jpg, 0.119, 0.147, 0.608, 0.207, 0.657, 0.286
iaps,2055.1.jpg, 0.528, 0.154, 0.528, 0.256, 0.546, 0.294
iaps,2055.2.jpg, 0.529, 0.152, 0.516, 0.264, 0.575, 0.263
iaps,2056.jpg, 0.455, 0.194, 0.134, 0.119, 0.796, 0.187
iaps,2057.jpg, 0.137, 0.098, 0.224, 0.281, 0.891, 0.200
iaps,2058.jpg, 0.135, 0.149, 0.491, 0.345, 0.540, 0.346
iaps,2060.jpg, 0.270, 0.327, 0.286, 0.320, 0.819, 0.199
iaps,2070.jpg, 0.264, 0.293, 0.409, 0.264, 0.462, 0.372
iaps,2071.jpg, 0.182, 0.310, 0.224, 0.292, 0.410, 0.430
iaps,2075.jpg, 0.203, 0.278, 0.324, 0.237, 0.788, 0.187
iaps,2080.jpg, 0.265, 0.250, 0.424, 0.367, 0.614, 0.349
iaps,2091.jpg, 0.082, 0.102, 0.468, 0.387, 0.381, 0.342
iaps,2092.jpg, 0.238, 0.356, 0.704, 0.290, 0.530, 0.277
iaps,2095.jpg, 0.038, 0.127, 0.438, 0.405, 0.225, 0.253
iaps,2100.jpg, 0.277, 0.392, 0.343, 0.429, 0.169, 0.299
iaps,2101.jpg, 0.154, 0.240, 0.373, 0.169, 0.672, 0.228
iaps,2102.jpg, 0.159, 0.213, 0.344, 0.290, 0.573, 0.306
iaps,2104.jpg, 0.466, 0.323, 0.199, 0.199, 0.724, 0.313
iaps,2107.jpg, 0.197, 0.207, 0.481, 0.220, 0.401, 0.255
iaps,2110.jpg, 0.233, 0.347, 0.362, 0.439, 0.127, 0.259
iaps,2115.jpg, 0.322, 0.334, 0.525, 0.311, 0.500, 0.341
iaps,2120.jpg, 0.215, 0.216, 0.580, 0.342, 0.253, 0.325
iaps,2122.jpg, 0.376, 0.411, 0.301, 0.222, 0.489, 0.238
iaps,2130.jpg, 0.040, 0.126, 0.131, 0.283, 0.123, 0.269
iaps,2141.jpg, 0.173, 0.130, 0.243, 0.263, 0.667, 0.415
iaps,2150.jpg, 0.124, 0.145, 0.778, 0.127, 0.668, 0.310
iaps,2151.jpg, 0.451, 0.168, 0.474, 0.264, 0.710, 0.126
iaps,2152.jpg, 0.069, 0.044, 0.294, 0.191, 0.699, 0.135
iaps,2153.jpg, 0.097, 0.201, 0.231, 0.263, 0.283, 0.291
iaps,2154.jpg, 0.089, 0.221, 0.323, 0.376, 0.354, 0.377
iaps,2155.jpg, 0.087, 0.220, 0.167, 0.232, 0.278, 0.311
iaps,2156.jpg, 0.365, 0.235, 0.350, 0.246, 0.519, 0.347
iaps,2158.jpg, 0.266, 0.239, 0.392, 0.308, 0.562, 0.281
iaps,2160.jpg, 0.398, 0.456, 0.519, 0.229, 0.315, 0.358
iaps,2165.jpg, 0.097, 0.091, 0.537, 0.350, 0.632, 0.278
iaps,2170.jpg, 0.112, 0.189, 0.602, 0.320, 0.182, 0.188
iaps,2190.jpg, 0.707, 0.318, 0.349, 0.143, 0.298, 0.288
iaps,2191.jpg, 0.222, 0.263, 0.500, 0.165, 0.398, 0.256
iaps,2200.jpg, 0.224, 0.371, 0.744, 0.370, 0.335, 0.336
iaps,2205.jpg, 0.331, 0.342, 0.667, 0.316, 0.360, 0.324
iaps,2206.jpg, 0.324, 0.293, 0.271, 0.251, 0.750, 0.290
iaps,2208.jpg, 0.170, 0.112, 0.766, 0.263, 0.391, 0.324
iaps,2209.jpg, 0.097, 0.108, 0.369, 0.330, 0.261, 0.330
iaps,2210.jpg, 0.211, 0.272, 0.592, 0.277, 0.251, 0.248
iaps,2211.jpg, 0.510, 0.386, 0.298, 0.316, 0.550, 0.288
iaps,2214.jpg, 0.116, 0.090, 0.645, 0.236, 0.749, 0.356
iaps,2215.jpg, 0.087, 0.110, 0.564, 0.324, 0.683, 0.307
iaps,2216.jpg, 0.141, 0.202, 0.254, 0.337, 0.315, 0.415
iaps,2217.jpg, 0.347, 0.292, 0.570, 0.324, 0.509, 0.336
iaps,2220.jpg, 0.058, 0.123, 0.734, 0.170, 0.667, 0.191
iaps,2221.jpg, 0.191, 0.291, 0.413, 0.260, 0.226, 0.207
iaps,2222.jpg, 0.727, 0.285, 0.432, 0.193, 0.316, 0.312
iaps,2224.jpg, 0.152, 0.230, 0.298, 0.330, 0.274, 0.341
iaps,2230.jpg, 0.230, 0.379, 0.416, 0.393, 0.158, 0.250
iaps,2235.jpg, 0.295, 0.324, 0.551, 0.261, 0.418, 0.270
iaps,2240.jpg, 0.394, 0.191, 0.304, 0.254, 0.519, 0.303
iaps,2250.jpg, 0.154, 0.098, 0.341, 0.319, 0.790, 0.306
iaps,2260.jpg, 0.190, 0.143, 0.417, 0.246, 0.601, 0.329
iaps,2270.jpg, 0.114, 0.089, 0.404, 0.308, 0.449, 0.185
iaps,2271.jpg, 0.063, 0.103, 0.413, 0.449, 0.238, 0.342
iaps,2272.jpg, 0.304, 0.367, 0.458, 0.255, 0.492, 0.211
iaps,2273.jpg, 0.136, 0.156, 0.164, 0.153, 0.756, 0.249
iaps,2274.jpg, 0.301, 0.300, 0.327, 0.202, 0.479, 0.259
iaps,2276.jpg, 0.105, 0.135, 0.370, 0.426, 0.184, 0.313
iaps,2278.jpg, 0.430, 0.358, 0.388, 0.259, 0.438, 0.284
iaps,2279.jpg, 0.108, 0.127, 0.414, 0.154, 0.662, 0.254
iaps,2280.jpg, 0.070, 0.095, 0.351, 0.366, 0.156, 0.261
iaps,2299.jpg, 0.661, 0.247, 0.462, 0.218, 0.396, 0.306
iaps,2300.jpg, 0.246, 0.227, 0.390, 0.229, 0.510, 0.270
iaps,2301.jpg, 0.185, 0.235, 0.380, 0.189, 0.558, 0.224
iaps,2302.jpg, 0.195, 0.208, 0.346, 0.234, 0.563, 0.275
iaps,2303.jpg, 0.085, 0.130, 0.485, 0.472, 0.216, 0.317
iaps,2304.jpg, 0.130, 0.215, 0.252, 0.318, 0.216, 0.270
iaps,2305.jpg, 0.253, 0.354, 0.360, 0.187, 0.447, 0.336
iaps,2306.jpg, 0.316, 0.269, 0.262, 0.253, 0.705, 0.314
iaps,2308.jpg, 0.138, 0.172, 0.385, 0.206, 0.640, 0.242
iaps,2309.jpg, 0.181, 0.247, 0.642, 0.325, 0.411, 0.274
iaps,2310.jpg, 0.121, 0.163, 0.447, 0.453, 0.113, 0.237
iaps,2311.jpg, 0.152, 0.255, 0.630, 0.273, 0.684, 0.280
iaps,2312.jpg, 0.252, 0.315, 0.358, 0.235, 0.438, 0.271
iaps,2314.jpg, 0.272, 0.241, 0.215, 0.197, 0.457, 0.265
iaps,2320.jpg, 0.050, 0.115, 0.306, 0.337, 0.271, 0.347
iaps,2331.jpg, 0.121, 0.187, 0.259, 0.308, 0.268, 0.343
iaps,2332.jpg, 0.301, 0.347, 0.409, 0.325, 0.484, 0.301
iaps,2339.jpg, 0.394, 0.254, 0.407, 0.186, 0.537, 0.247
iaps,2340.jpg, 0.173, 0.296, 0.670, 0.242, 0.423, 0.274
iaps,2341.jpg, 0.248, 0.199, 0.590, 0.316, 0.392, 0.268
iaps,2342.jpg, 0.506, 0.375, 0.208, 0.167, 0.555, 0.242
iaps,2344.jpg, 0.087, 0.200, 0.354, 0.426, 0.235, 0.325
iaps,2345.1.jpg, 0.161, 0.212, 0.379, 0.230, 0.662, 0.313
iaps,2345.jpg, 0.180, 0.251, 0.451, 0.177, 0.635, 0.247
iaps,2346.jpg, 0.216, 0.324, 0.303, 0.333, 0.263, 0.308
iaps,2347.jpg, 0.313, 0.310, 0.317, 0.240, 0.565, 0.211
iaps,2351.jpg, 0.140, 0.278, 0.523, 0.412, 0.330, 0.312
iaps,2352.1.jpg, 0.075, 0.128, 0.643, 0.283, 0.594, 0.331
iaps,2352.2.jpg, 0.085, 0.114, 0.609, 0.302, 0.661, 0.360
iaps,2352.jpg, 0.075, 0.128, 0.642, 0.282, 0.594, 0.331
iaps,2357.jpg, 0.673, 0.151, 0.369, 0.267, 0.447, 0.391
iaps,2358.jpg, 0.681, 0.268, 0.180, 0.199, 0.679, 0.286
iaps,2359.jpg, 0.433, 0.366, 0.207, 0.245, 0.633, 0.215
iaps,2360.jpg, 0.297, 0.339, 0.542, 0.281, 0.604, 0.373
iaps,2362.jpg, 0.448, 0.244, 0.169, 0.170, 0.785, 0.209
iaps,2370.jpg, 0.143, 0.205, 0.299, 0.332, 0.337, 0.373
iaps,2372.jpg, 0.172, 0.246, 0.385, 0.338, 0.313, 0.329
iaps,2373.jpg, 0.100, 0.185, 0.448, 0.356, 0.344, 0.338
iaps,2374.jpg, 0.340, 0.269, 0.395, 0.225, 0.444, 0.289
iaps,2375.1.jpg, 0.229, 0.313, 0.209, 0.250, 0.235, 0.302
iaps,2375.2.jpg, 0.235, 0.308, 0.184, 0.259, 0.191, 0.268
iaps,2377.jpg, 0.287, 0.252, 0.311, 0.291, 0.468, 0.315
iaps,2381.jpg, 0.150, 0.311, 0.163, 0.233, 0.121, 0.198
iaps,2382.jpg, 0.364, 0.364, 0.386, 0.260, 0.602, 0.227
iaps,2383.jpg, 0.317, 0.381, 0.525, 0.257, 0.501, 0.294
iaps,2384.jpg, 0.292, 0.126, 0.375, 0.255, 0.589, 0.152
iaps,2385.jpg, 0.061, 0.081, 0.433, 0.429, 0.215, 0.330
iaps,2387.jpg, 0.303, 0.378, 0.451, 0.271, 0.369, 0.320
iaps,2388.jpg, 0.157, 0.172, 0.354, 0.184, 0.590, 0.365
iaps,2389.jpg, 0.266, 0.151, 0.737, 0.305, 0.331, 0.321
iaps,2390.jpg, 0.379, 0.304, 0.335, 0.211, 0.427, 0.321
iaps,2391.jpg, 0.461, 0.205, 0.599, 0.341, 0.275, 0.293
iaps,2392.jpg, 0.478, 0.332, 0.252, 0.242, 0.639, 0.236
iaps,2393.jpg, 0.479, 0.337, 0.336, 0.205, 0.338, 0.314
iaps,2394.jpg, 0.408, 0.331, 0.146, 0.174, 0.437, 0.385
iaps,2395.jpg, 0.296, 0.347, 0.334, 0.258, 0.330, 0.288
iaps,2396.jpg, 0.282, 0.266, 0.352, 0.295, 0.436, 0.302
iaps,2397.jpg, 0.154, 0.060, 0.462, 0.256, 0.421, 0.256
iaps,2398.jpg, 0.471, 0.285, 0.289, 0.237, 0.617, 0.300
iaps,2399.jpg, 0.174, 0.242, 0.453, 0.318, 0.255, 0.273
iaps,2400.jpg, 0.455, 0.268, 0.292, 0.253, 0.587, 0.289
iaps,2410.jpg, 0.691, 0.170, 0.319, 0.217, 0.249, 0.211
iaps,2411.jpg, 0.261, 0.224, 0.303, 0.228, 0.738, 0.253
iaps,2435.jpg, 0.283, 0.293, 0.543, 0.249, 0.370, 0.274
iaps,2440.jpg, 0.079, 0.179, 0.181, 0.286, 0.123, 0.218
iaps,2441.jpg, 0.410, 0.329, 0.280, 0.178, 0.584, 0.360
iaps,2442.jpg, 0.255, 0.352, 0.386, 0.261, 0.472, 0.361
iaps,2445.jpg, 0.291, 0.385, 0.356, 0.274, 0.592, 0.254
iaps,2446.jpg, 0.415, 0.403, 0.325, 0.180, 0.464, 0.242
iaps,2455.jpg, 0.515, 0.265, 0.526, 0.342, 0.513, 0.221
iaps,2456.jpg, 0.372, 0.289, 0.436, 0.331, 0.492, 0.292
iaps,2457.jpg, 0.176, 0.189, 0.472, 0.248, 0.428, 0.286
iaps,2458.jpg, 0.132, 0.116, 0.294, 0.151, 0.627, 0.228
iaps,2480.jpg, 0.096, 0.157, 0.160, 0.256, 0.239, 0.303
iaps,2484.jpg, 0.512, 0.259, 0.337, 0.160, 0.560, 0.188
iaps,2485.jpg, 0.111, 0.200, 0.219, 0.266, 0.219, 0.315
iaps,2487.jpg, 0.234, 0.332, 0.234, 0.275, 0.284, 0.319
iaps,2488.jpg, 0.332, 0.313, 0.287, 0.232, 0.404, 0.267
iaps,2489.jpg, 0.329, 0.233, 0.324, 0.205, 0.414, 0.274
iaps,2490.jpg, 0.293, 0.200, 0.294, 0.201, 0.658, 0.287
iaps,2491.jpg, 0.242, 0.320, 0.568, 0.346, 0.276, 0.258
iaps,2493.jpg, 0.441, 0.288, 0.469, 0.222, 0.381, 0.300
iaps,2495.jpg, 0.184, 0.305, 0.207, 0.234, 0.178, 0.218
iaps,2499.jpg, 0.565, 0.354, 0.756, 0.248, 0.255, 0.313
iaps,2500.jpg, 0.262, 0.228, 0.420, 0.297, 0.433, 0.336
iaps,2501.jpg, 0.401, 0.220, 0.441, 0.267, 0.601, 0.208
iaps,2506.jpg, 0.257, 0.255, 0.337, 0.230, 0.721, 0.281
iaps,2510.jpg, 0.049, 0.085, 0.215, 0.247, 0.250, 0.303
iaps,2511.jpg, 0.365, 0.254, 0.351, 0.198, 0.473, 0.291
iaps,2512.jpg, 0.252, 0.337, 0.373, 0.203, 0.650, 0.306
iaps,2513.jpg, 0.234, 0.262, 0.374, 0.153, 0.339, 0.216
iaps,2514.jpg, 0.086, 0.066, 0.710, 0.323, 0.657, 0.278
iaps,2515.jpg, 0.231, 0.193, 0.487, 0.212, 0.454, 0.202
iaps,2516.jpg, 0.159, 0.250, 0.276, 0.324, 0.324, 0.369
iaps,2518.jpg, 0.045, 0.099, 0.292, 0.313, 0.228, 0.266
iaps,2520.jpg, 0.080, 0.079, 0.525, 0.233, 0.426, 0.226
iaps,2521.jpg, 0.170, 0.235, 0.204, 0.102, 0.483, 0.273
iaps,2525.jpg, 0.263, 0.180, 0.304, 0.178, 0.507, 0.260
iaps,2530.jpg, 0.115, 0.128, 0.583, 0.231, 0.683, 0.322
iaps,2540.jpg, 0.070, 0.195, 0.785, 0.245, 0.598, 0.291
iaps,2550.jpg, 0.166, 0.311, 0.503, 0.219, 0.567, 0.215
iaps,2560.jpg, 0.216, 0.259, 0.590, 0.388, 0.441, 0.346
iaps,2570.jpg, 0.157, 0.272, 0.264, 0.330, 0.142, 0.232
iaps,2575.jpg, 0.145, 0.139, 0.643, 0.304, 0.522, 0.403
iaps,2579.jpg, 0.623, 0.272, 0.343, 0.251, 0.515, 0.322
iaps,2580.jpg, 0.163, 0.320, 0.201, 0.239, 0.153, 0.214
iaps,2590.jpg, 0.360, 0.363, 0.409, 0.225, 0.539, 0.315
iaps,2593.jpg, 0.307, 0.385, 0.481, 0.294, 0.381, 0.346
iaps,2594.jpg, 0.241, 0.347, 0.459, 0.275, 0.476, 0.294
iaps,2595.jpg, 0.681, 0.319, 0.255, 0.174, 0.467, 0.352
iaps,2597.jpg, 0.479, 0.322, 0.335, 0.204, 0.357, 0.280
iaps,2598.jpg, 0.252, 0.351, 0.489, 0.200, 0.489, 0.250
iaps,2600.jpg, 0.105, 0.216, 0.243, 0.293, 0.216, 0.280
iaps,2605.jpg, 0.593, 0.386, 0.586, 0.384, 0.235, 0.265
iaps,2606.jpg, 0.234, 0.349, 0.413, 0.380, 0.220, 0.308
iaps,2616.jpg, 0.081, 0.081, 0.884, 0.212, 0.734, 0.266
iaps,2620.jpg, 0.122, 0.188, 0.417, 0.316, 0.586, 0.289
iaps,2630.jpg, 0.221, 0.249, 0.385, 0.406, 0.468, 0.319
iaps,2635.jpg, 0.643, 0.157, 0.386, 0.208, 0.565, 0.229
iaps,2650.jpg, 0.436, 0.416, 0.649, 0.349, 0.296, 0.281
iaps,2655.jpg, 0.361, 0.243, 0.162, 0.175, 0.516, 0.313
iaps,2660.jpg, 0.123, 0.192, 0.408, 0.179, 0.583, 0.142
iaps,2661.jpg, 0.458, 0.421, 0.679, 0.286, 0.587, 0.245
iaps,2681.jpg, 0.475, 0.450, 0.317, 0.334, 0.215, 0.246
iaps,2682.jpg, 0.460, 0.402, 0.274, 0.312, 0.201, 0.221
iaps,2683.jpg, 0.482, 0.316, 0.290, 0.294, 0.458, 0.292
iaps,2688.jpg, 0.521, 0.086, 0.142, 0.120, 0.847, 0.158
iaps,2690.jpg, 0.147, 0.340, 0.704, 0.446, 0.282, 0.262
iaps,2691.jpg, 0.360, 0.356, 0.542, 0.246, 0.362, 0.282
iaps,2692.jpg, 0.365, 0.265, 0.281, 0.194, 0.418, 0.308
iaps,2694.jpg, 0.288, 0.262, 0.280, 0.200, 0.429, 0.340
iaps,2695.jpg, 0.312, 0.284, 0.260, 0.206, 0.630, 0.350
iaps,2700.jpg, 0.134, 0.211, 0.465, 0.364, 0.444, 0.331
iaps,2702.jpg, 0.051, 0.091, 0.258, 0.297, 0.263, 0.296
iaps,2703.jpg, 0.357, 0.410, 0.548, 0.236, 0.445, 0.298
iaps,2704.jpg, 0.230, 0.310, 0.385, 0.338, 0.194, 0.243
iaps,2710.jpg, 0.291, 0.274, 0.361, 0.323, 0.664, 0.194
iaps,2715.jpg, 0.376, 0.431, 0.541, 0.226, 0.269, 0.309
iaps,2716.jpg, 0.076, 0.100, 0.376, 0.321, 0.299, 0.313
iaps,2717.jpg, 0.119, 0.230, 0.499, 0.266, 0.335, 0.231
iaps,2718.jpg, 0.218, 0.215, 0.363, 0.212, 0.462, 0.285
iaps,2720.jpg, 0.088, 0.099, 0.328, 0.132, 0.681, 0.177
iaps,2722.jpg, 0.407, 0.351, 0.180, 0.179, 0.265, 0.296
iaps,2730.jpg, 0.265, 0.410, 0.600, 0.262, 0.486, 0.282
iaps,2745.1.jpg, 0.497, 0.333, 0.275, 0.243, 0.571, 0.300
iaps,2745.2.jpg, 0.510, 0.314, 0.277, 0.227, 0.567, 0.318
iaps,2749.jpg, 0.299, 0.378, 0.479, 0.366, 0.438, 0.364
iaps,2750.jpg, 0.347, 0.332, 0.592, 0.438, 0.108, 0.228
iaps,2751.jpg, 0.540, 0.253, 0.293, 0.176, 0.327, 0.284
iaps,2752.jpg, 0.432, 0.224, 0.220, 0.152, 0.600, 0.344
iaps,2753.jpg, 0.050, 0.079, 0.276, 0.268, 0.367, 0.383
iaps,2770.jpg, 0.117, 0.162, 0.424, 0.261, 0.479, 0.215
iaps,2780.jpg, 0.321, 0.317, 0.235, 0.293, 0.186, 0.308
iaps,2791.jpg, 0.365, 0.426, 0.677, 0.278, 0.298, 0.308
iaps,2795.jpg, 0.222, 0.332, 0.195, 0.243, 0.198, 0.284
iaps,2799.jpg, 0.284, 0.337, 0.349, 0.308, 0.416, 0.353
iaps,2800.jpg, 0.123, 0.137, 0.485, 0.276, 0.456, 0.184
iaps,2810.jpg, 0.359, 0.416, 0.621, 0.320, 0.268, 0.264
iaps,2811.jpg, 0.129, 0.272, 0.440, 0.162, 0.527, 0.213
iaps,2830.jpg, 0.172, 0.329, 0.348, 0.329, 0.197, 0.238
iaps,2840.jpg, 0.184, 0.259, 0.654, 0.226, 0.486, 0.267
iaps,2850.jpg, 0.208, 0.311, 0.564, 0.228, 0.459, 0.275
iaps,2870.jpg, 0.170, 0.200, 0.415, 0.270, 0.337, 0.301
iaps,2880.jpg, 0.123, 0.160, 0.297, 0.201, 0.494, 0.289
iaps,2890.jpg, 0.366, 0.440, 0.343, 0.344, 0.154, 0.227
iaps,2900.1.jpg, 0.353, 0.398, 0.674, 0.303, 0.414, 0.329
iaps,2900.2.jpg, 0.464, 0.382, 0.517, 0.247, 0.401, 0.325
iaps,2900.jpg, 0.353, 0.398, 0.674, 0.303, 0.414, 0.329
iaps,2980.jpg, 0.353, 0.326, 0.320, 0.284, 0.255, 0.217
iaps,2981.jpg, 0.393, 0.330, 0.304, 0.249, 0.270, 0.223
iaps,3000.jpg, 0.200, 0.291, 0.776, 0.319, 0.412, 0.231
iaps,3001.jpg, 0.261, 0.281, 0.283, 0.161, 0.569, 0.254
iaps,3005.1.jpg, 0.170, 0.308, 0.150, 0.215, 0.156, 0.226
iaps,3005.2.jpg, 0.170, 0.307, 0.153, 0.219, 0.151, 0.218
iaps,3010.jpg, 0.133, 0.270, 0.487, 0.409, 0.753, 0.313
iaps,3015.jpg, 0.110, 0.088, 0.372, 0.283, 0.508, 0.305
iaps,3016.jpg, 0.188, 0.306, 0.313, 0.218, 0.295, 0.262
iaps,3017.jpg, 0.092, 0.173, 0.590, 0.413, 0.150, 0.231
iaps,3019.jpg, 0.651, 0.391, 0.424, 0.294, 0.649, 0.268
iaps,3022.jpg, 0.156, 0.109, 0.611, 0.263, 0.682, 0.344
iaps,3030.jpg, 0.161, 0.231, 0.368, 0.308, 0.645, 0.342
iaps,3051.jpg, 0.194, 0.227, 0.644, 0.322, 0.595, 0.265
iaps,3053.jpg, 0.158, 0.280, 0.501, 0.401, 0.608, 0.370
iaps,3059.jpg, 0.134, 0.189, 0.409, 0.182, 0.594, 0.335
iaps,3060.jpg, 0.155, 0.237, 0.561, 0.262, 0.679, 0.241
iaps,3061.jpg, 0.177, 0.308, 0.330, 0.332, 0.285, 0.325
iaps,3062.jpg, 0.251, 0.323, 0.183, 0.266, 0.296, 0.318
iaps,3063.jpg, 0.208, 0.286, 0.286, 0.311, 0.405, 0.371
iaps,3064.jpg, 0.224, 0.338, 0.508, 0.229, 0.453, 0.289
iaps,3068.jpg, 0.351, 0.258, 0.353, 0.238, 0.524, 0.268
iaps,3069.jpg, 0.275, 0.288, 0.449, 0.290, 0.693, 0.191
iaps,3071.jpg, 0.159, 0.275, 0.739, 0.298, 0.499, 0.241
iaps,3080.jpg, 0.264, 0.227, 0.517, 0.289, 0.530, 0.309
iaps,3100.jpg, 0.130, 0.275, 0.657, 0.361, 0.570, 0.303
iaps,3101.jpg, 0.060, 0.115, 0.325, 0.305, 0.377, 0.407
iaps,3102.jpg, 0.295, 0.409, 0.457, 0.413, 0.338, 0.298
iaps,3103.jpg, 0.399, 0.311, 0.296, 0.191, 0.696, 0.151
iaps,3110.jpg, 0.239, 0.197, 0.351, 0.259, 0.480, 0.316
iaps,3120.jpg, 0.129, 0.211, 0.591, 0.404, 0.635, 0.334
iaps,3130.jpg, 0.102, 0.214, 0.473, 0.361, 0.704, 0.307
iaps,3131.jpg, 0.186, 0.288, 0.365, 0.196, 0.779, 0.215
iaps,3140.jpg, 0.387, 0.401, 0.340, 0.218, 0.531, 0.323
iaps,3150.jpg, 0.331, 0.406, 0.654, 0.364, 0.470, 0.278
iaps,3160.jpg, 0.061, 0.066, 0.649, 0.232, 0.521, 0.246
iaps,3168.jpg, 0.084, 0.186, 0.404, 0.416, 0.328, 0.386
iaps,3170.jpg, 0.157, 0.303, 0.501, 0.318, 0.599, 0.331
iaps,3180.jpg, 0.416, 0.337, 0.629, 0.395, 0.289, 0.280
iaps,3181.jpg, 0.150, 0.098, 0.650, 0.375, 0.592, 0.397
iaps,3185.jpg, 0.082, 0.113, 0.240, 0.223, 0.505, 0.365
iaps,3190.jpg, 0.146, 0.178, 0.460, 0.301, 0.614, 0.294
iaps,3191.jpg, 0.357, 0.359, 0.234, 0.256, 0.366, 0.352
iaps,3195.jpg, 0.363, 0.222, 0.526, 0.275, 0.713, 0.241
iaps,3210.jpg, 0.484, 0.290, 0.286, 0.275, 0.745, 0.285
iaps,3211.jpg, 0.404, 0.215, 0.446, 0.269, 0.401, 0.252
iaps,3212.jpg, 0.402, 0.293, 0.318, 0.219, 0.565, 0.252
iaps,3213.jpg, 0.310, 0.315, 0.496, 0.295, 0.700, 0.348
iaps,3215.jpg, 0.100, 0.168, 0.170, 0.232, 0.368, 0.373
iaps,3216.jpg, 0.457, 0.243, 0.206, 0.143, 0.304, 0.168
iaps,3220.jpg, 0.055, 0.111, 0.216, 0.326, 0.271, 0.327
iaps,3225.jpg, 0.313, 0.287, 0.325, 0.262, 0.337, 0.363
iaps,3230.jpg, 0.238, 0.356, 0.479, 0.354, 0.366, 0.272
iaps,3250.jpg, 0.172, 0.315, 0.693, 0.297, 0.561, 0.241
iaps,3261.jpg, 0.368, 0.391, 0.477, 0.171, 0.471, 0.294
iaps,3266.jpg, 0.053, 0.083, 0.337, 0.378, 0.356, 0.412
iaps,3280.jpg, 0.158, 0.210, 0.387, 0.336, 0.465, 0.338
iaps,3300.jpg, 0.245, 0.236, 0.501, 0.384, 0.529, 0.370
iaps,3301.jpg, 0.097, 0.174, 0.245, 0.329, 0.257, 0.356
iaps,3302.jpg, 0.127, 0.197, 0.321, 0.285, 0.451, 0.343
iaps,3310.jpg, 0.383, 0.341, 0.187, 0.226, 0.802, 0.144
iaps,3350.jpg, 0.354, 0.428, 0.409, 0.281, 0.427, 0.328
iaps,3360.jpg, 0.324, 0.252, 0.415, 0.274, 0.418, 0.281
iaps,3400.jpg, 0.406, 0.243, 0.673, 0.261, 0.614, 0.273
iaps,3500.jpg, 0.220, 0.363, 0.599, 0.311, 0.489, 0.362
iaps,3530.jpg, 0.169, 0.211, 0.500, 0.323, 0.524, 0.311
iaps,3550.1.jpg, 0.193, 0.119, 0.444, 0.315, 0.646, 0.328
iaps,3550.2.jpg, 0.182, 0.127, 0.354, 0.281, 0.642, 0.326
iaps,3550.jpg, 0.126, 0.203, 0.230, 0.353, 0.289, 0.382
iaps,4000.jpg, 0.075, 0.192, 0.287, 0.298, 0.266, 0.279
iaps,4001.jpg, 0.392, 0.359, 0.303, 0.286, 0.369, 0.335
iaps,4002.jpg, 0.314, 0.293, 0.374, 0.335, 0.600, 0.245
iaps,4003.jpg, 0.620, 0.230, 0.516, 0.144, 0.449, 0.257
iaps,4004.jpg, 0.219, 0.372, 0.306, 0.277, 0.209, 0.244
iaps,4005.jpg, 0.201, 0.340, 0.252, 0.288, 0.395, 0.396
iaps,4006.jpg, 0.651, 0.244, 0.269, 0.170, 0.629, 0.305
iaps,4007.jpg, 0.150, 0.169, 0.257, 0.223, 0.671, 0.276
iaps,4008.jpg, 0.096, 0.097, 0.358, 0.273, 0.652, 0.241
iaps,4071.jpg, 0.096, 0.122, 0.435, 0.267, 0.748, 0.280
iaps,4085.jpg, 0.131, 0.207, 0.372, 0.249, 0.590, 0.317
iaps,4090.jpg, 0.228, 0.279, 0.366, 0.253, 0.600, 0.227
iaps,4100.jpg, 0.055, 0.119, 0.189, 0.251, 0.208, 0.277
iaps,4130.jpg, 0.092, 0.116, 0.547, 0.170, 0.818, 0.198
iaps,4141.jpg, 0.111, 0.211, 0.234, 0.318, 0.181, 0.297
iaps,4142.jpg, 0.105, 0.229, 0.193, 0.213, 0.218, 0.288
iaps,4150.jpg, 0.160, 0.161, 0.568, 0.259, 0.336, 0.206
iaps,4180.jpg, 0.202, 0.339, 0.576, 0.446, 0.462, 0.374
iaps,4210.jpg, 0.109, 0.123, 0.321, 0.285, 0.834, 0.240
iaps,4220.jpg, 0.436, 0.299, 0.415, 0.327, 0.423, 0.317
iaps,4225.jpg, 0.205, 0.317, 0.427, 0.302, 0.412, 0.325
iaps,4230.jpg, 0.168, 0.292, 0.317, 0.406, 0.185, 0.275
iaps,4232.jpg, 0.094, 0.151, 0.330, 0.338, 0.485, 0.403
iaps,4233.jpg, 0.263, 0.312, 0.119, 0.174, 0.326, 0.379
iaps,4235.jpg, 0.199, 0.294, 0.517, 0.224, 0.624, 0.320
iaps,4240.jpg, 0.152, 0.309, 0.259, 0.338, 0.256, 0.317
iaps,4250.jpg, 0.319, 0.313, 0.700, 0.303, 0.368, 0.333
iaps,4255.jpg, 0.159, 0.207, 0.249, 0.303, 0.229, 0.330
iaps,4274.jpg, 0.533, 0.418, 0.549, 0.384, 0.494, 0.289
iaps,4275.jpg, 0.263, 0.340, 0.656, 0.257, 0.449, 0.253
iaps,4279.jpg, 0.110, 0.269, 0.309, 0.358, 0.238, 0.284
iaps,4290.jpg, 0.291, 0.383, 0.540, 0.341, 0.496, 0.387
iaps,4300.jpg, 0.101, 0.237, 0.437, 0.441, 0.218, 0.307
iaps,4302.jpg, 0.284, 0.360, 0.204, 0.304, 0.423, 0.414
iaps,4310.jpg, 0.080, 0.233, 0.353, 0.389, 0.213, 0.262
iaps,4311.jpg, 0.110, 0.217, 0.487, 0.290, 0.566, 0.301
iaps,4320.jpg, 0.103, 0.219, 0.593, 0.351, 0.379, 0.370
iaps,4325.jpg, 0.242, 0.289, 0.254, 0.310, 0.388, 0.382
iaps,4460.jpg, 0.047, 0.130, 0.175, 0.258, 0.210, 0.312
iaps,4470.jpg, 0.211, 0.286, 0.370, 0.301, 0.654, 0.228
iaps,4490.jpg, 0.060, 0.134, 0.410, 0.307, 0.850, 0.249
iaps,4500.jpg, 0.119, 0.145, 0.337, 0.280, 0.880, 0.243
iaps,4503.jpg, 0.156, 0.311, 0.281, 0.299, 0.235, 0.255
iaps,4505.jpg, 0.221, 0.314, 0.378, 0.266, 0.584, 0.311
iaps,4510.jpg, 0.288, 0.401, 0.321, 0.256, 0.802, 0.258
iaps,4520.jpg, 0.144, 0.104, 0.172, 0.232, 0.831, 0.263
iaps,4525.jpg, 0.238, 0.213, 0.432, 0.212, 0.418, 0.349
iaps,4530.jpg, 0.088, 0.179, 0.431, 0.242, 0.850, 0.206
iaps,4531.jpg, 0.676, 0.260, 0.488, 0.207, 0.378, 0.280
iaps,4532.jpg, 0.166, 0.278, 0.341, 0.372, 0.203, 0.293
iaps,4533.jpg, 0.202, 0.282, 0.388, 0.314, 0.399, 0.319
iaps,4534.jpg, 0.451, 0.327, 0.566, 0.311, 0.448, 0.299
iaps,4535.jpg, 0.159, 0.310, 0.248, 0.329, 0.250, 0.344
iaps,4536.jpg, 0.238, 0.316, 0.331, 0.377, 0.204, 0.264
iaps,4537.jpg, 0.257, 0.300, 0.260, 0.263, 0.431, 0.454
iaps,4538.jpg, 0.126, 0.268, 0.168, 0.271, 0.356, 0.383
iaps,4542.jpg, 0.338, 0.360, 0.408, 0.273, 0.729, 0.235
iaps,4550.jpg, 0.121, 0.281, 0.291, 0.364, 0.204, 0.295
iaps,4559.jpg, 0.405, 0.292, 0.288, 0.132, 0.462, 0.245
iaps,4561.jpg, 0.433, 0.246, 0.174, 0.228, 0.783, 0.154
iaps,4571.jpg, 0.280, 0.354, 0.260, 0.308, 0.215, 0.272
iaps,4572.jpg, 0.344, 0.371, 0.589, 0.303, 0.410, 0.261
iaps,4573.jpg, 0.422, 0.184, 0.604, 0.227, 0.387, 0.277
iaps,4574.jpg, 0.277, 0.394, 0.335, 0.166, 0.525, 0.262
iaps,4575.jpg, 0.231, 0.273, 0.298, 0.252, 0.693, 0.338
iaps,4597.jpg, 0.299, 0.306, 0.395, 0.311, 0.340, 0.326
iaps,4598.jpg, 0.130, 0.139, 0.440, 0.250, 0.475, 0.308
iaps,4599.jpg, 0.230, 0.272, 0.340, 0.359, 0.614, 0.345
iaps,4600.jpg, 0.192, 0.249, 0.196, 0.175, 0.566, 0.186
iaps,4601.jpg, 0.128, 0.268, 0.309, 0.349, 0.267, 0.324
iaps,4603.jpg, 0.163, 0.312, 0.263, 0.370, 0.226, 0.321
iaps,4604.jpg, 0.223, 0.252, 0.454, 0.216, 0.846, 0.230
iaps,4605.jpg, 0.296, 0.373, 0.235, 0.264, 0.235, 0.298
iaps,4606.jpg, 0.103, 0.200, 0.401, 0.382, 0.277, 0.312
iaps,4607.jpg, 0.154, 0.285, 0.311, 0.335, 0.328, 0.355
iaps,4608.jpg, 0.256, 0.295, 0.275, 0.304, 0.253, 0.339
iaps,4609.jpg, 0.118, 0.215, 0.299, 0.344, 0.380, 0.427
iaps,4610.jpg, 0.312, 0.335, 0.313, 0.335, 0.479, 0.408
iaps,4611.jpg, 0.160, 0.196, 0.500, 0.328, 0.632, 0.235
iaps,4612.jpg, 0.360, 0.240, 0.277, 0.137, 0.587, 0.137
iaps,4613.jpg, 0.075, 0.106, 0.426, 0.208, 0.504, 0.318
iaps,4614.jpg, 0.101, 0.088, 0.557, 0.216, 0.585, 0.298
iaps,4616.jpg, 0.169, 0.261, 0.216, 0.174, 0.810, 0.199
iaps,4617.jpg, 0.221, 0.277, 0.723, 0.249, 0.390, 0.348
iaps,4619.jpg, 0.144, 0.202, 0.349, 0.291, 0.602, 0.410
iaps,4621.jpg, 0.120, 0.253, 0.195, 0.211, 0.329, 0.354
iaps,4622.jpg, 0.324, 0.343, 0.218, 0.238, 0.292, 0.335
iaps,4623.jpg, 0.104, 0.171, 0.287, 0.313, 0.296, 0.339
iaps,4624.jpg, 0.364, 0.345, 0.401, 0.194, 0.440, 0.360
iaps,4625.jpg, 0.515, 0.377, 0.313, 0.190, 0.295, 0.267
iaps,4626.jpg, 0.397, 0.349, 0.229, 0.267, 0.429, 0.391
iaps,4628.jpg, 0.291, 0.411, 0.371, 0.341, 0.663, 0.245
iaps,4631.jpg, 0.467, 0.337, 0.757, 0.290, 0.250, 0.333
iaps,4635.jpg, 0.620, 0.409, 0.359, 0.168, 0.428, 0.255
iaps,4640.jpg, 0.580, 0.323, 0.286, 0.243, 0.408, 0.320
iaps,4641.jpg, 0.534, 0.295, 0.698, 0.184, 0.736, 0.228
iaps,4643.jpg, 0.195, 0.237, 0.417, 0.301, 0.684, 0.302
iaps,4645.jpg, 0.063, 0.123, 0.496, 0.217, 0.679, 0.199
iaps,4647.jpg, 0.066, 0.089, 0.466, 0.280, 0.521, 0.340
iaps,4649.jpg, 0.178, 0.286, 0.393, 0.270, 0.452, 0.348
iaps,4650.jpg, 0.095, 0.157, 0.532, 0.270, 0.715, 0.317
iaps,4651.jpg, 0.144, 0.295, 0.369, 0.395, 0.322, 0.399
iaps,4652.jpg, 0.058, 0.145, 0.402, 0.405, 0.386, 0.419
iaps,4653.jpg, 0.185, 0.213, 0.551, 0.312, 0.658, 0.281
iaps,4656.jpg, 0.031, 0.060, 0.490, 0.464, 0.318, 0.353
iaps,4658.jpg, 0.065, 0.139, 0.518, 0.200, 0.780, 0.170
iaps,4659.jpg, 0.061, 0.090, 0.697, 0.314, 0.603, 0.248
iaps,4660.jpg, 0.358, 0.449, 0.509, 0.257, 0.577, 0.372
iaps,4664.1.jpg, 0.067, 0.183, 0.300, 0.369, 0.251, 0.321
iaps,4664.2.jpg, 0.085, 0.186, 0.317, 0.382, 0.270, 0.365
iaps,4664.jpg, 0.067, 0.183, 0.300, 0.369, 0.251, 0.321
iaps,4666.jpg, 0.114, 0.105, 0.577, 0.331, 0.578, 0.316
iaps,4668.jpg, 0.233, 0.332, 0.451, 0.212, 0.556, 0.274
iaps,4669.jpg, 0.404, 0.430, 0.659, 0.194, 0.680, 0.306
iaps,4670.jpg, 0.106, 0.243, 0.311, 0.347, 0.299, 0.362
iaps,4672.jpg, 0.200, 0.370, 0.321, 0.359, 0.314, 0.355
iaps,4676.jpg, 0.081, 0.137, 0.490, 0.330, 0.347, 0.298
iaps,4677.jpg, 0.107, 0.265, 0.304, 0.278, 0.355, 0.330
iaps,4680.jpg, 0.156, 0.303, 0.582, 0.288, 0.599, 0.288
iaps,4681.jpg, 0.100, 0.169, 0.345, 0.389, 0.183, 0.260
iaps,4683.jpg, 0.083, 0.139, 0.447, 0.451, 0.250, 0.377
iaps,4687.jpg, 0.187, 0.146, 0.833, 0.153, 0.433, 0.389
iaps,4689.jpg, 0.103, 0.150, 0.415, 0.377, 0.247, 0.289
iaps,4690.jpg, 0.298, 0.391, 0.506, 0.281, 0.784, 0.225
iaps,4692.jpg, 0.166, 0.226, 0.533, 0.243, 0.632, 0.249
iaps,4693.jpg, 0.133, 0.269, 0.506, 0.210, 0.632, 0.327
iaps,4694.jpg, 0.151, 0.298, 0.620, 0.293, 0.565, 0.288
iaps,4695.jpg, 0.152, 0.243, 0.496, 0.265, 0.639, 0.262
iaps,4697.jpg, 0.112, 0.236, 0.355, 0.239, 0.761, 0.220
iaps,4698.jpg, 0.086, 0.215, 0.600, 0.210, 0.667, 0.272
iaps,4700.jpg, 0.392, 0.401, 0.462, 0.315, 0.358, 0.262
iaps,4750.jpg, 0.037, 0.057, 0.396, 0.387, 0.265, 0.309
iaps,4770.jpg, 0.134, 0.220, 0.871, 0.110, 0.403, 0.280
iaps,4800.jpg, 0.274, 0.354, 0.564, 0.259, 0.535, 0.306
iaps,4810.jpg, 0.073, 0.169, 0.278, 0.299, 0.267, 0.323
iaps,5000.jpg, 0.142, 0.176, 0.559, 0.375, 0.332, 0.333
iaps,5001.jpg, 0.124, 0.192, 0.483, 0.375, 0.338, 0.334
iaps,5010.jpg, 0.268, 0.312, 0.708, 0.206, 0.589, 0.225
iaps,5020.jpg, 0.148, 0.169, 0.713, 0.255, 0.498, 0.275
iaps,5030.jpg, 0.147, 0.175, 0.571, 0.332, 0.430, 0.299
iaps,5040.jpg, 0.225, 0.292, 0.727, 0.210, 0.496, 0.276
iaps,5120.jpg, 0.154, 0.154, 0.532, 0.255, 0.578, 0.244
iaps,5130.jpg, 0.153, 0.151, 0.577, 0.251, 0.423, 0.294
iaps,5199.jpg, 0.271, 0.185, 0.545, 0.239, 0.499, 0.320
iaps,5200.jpg, 0.230, 0.221, 0.764, 0.328, 0.405, 0.268
iaps,5201.jpg, 0.457, 0.350, 0.448, 0.298, 0.442, 0.347
iaps,5202.jpg, 0.549, 0.427, 0.572, 0.216, 0.582, 0.369
iaps,5210.jpg, 0.404, 0.253, 0.287, 0.239, 0.648, 0.187
iaps,5215.jpg, 0.521, 0.171, 0.278, 0.196, 0.644, 0.284
iaps,5220.jpg, 0.255, 0.189, 0.476, 0.359, 0.342, 0.317
iaps,5250.jpg, 0.187, 0.179, 0.460, 0.326, 0.497, 0.296
iaps,5260.jpg, 0.438, 0.163, 0.207, 0.150, 0.548, 0.260
iaps,5270.jpg, 0.253, 0.324, 0.414, 0.366, 0.283, 0.328
iaps,5300.jpg, 0.552, 0.411, 0.584, 0.389, 0.147, 0.215
iaps,5301.jpg, 0.287, 0.306, 0.399, 0.355, 0.052, 0.118
iaps,5390.jpg, 0.409, 0.182, 0.126, 0.159, 0.579, 0.266
iaps,5395.jpg, 0.191, 0.227, 0.773, 0.316, 0.682, 0.296
iaps,5410.jpg, 0.086, 0.133, 0.493, 0.348, 0.441, 0.359
iaps,5450.jpg, 0.430, 0.229, 0.375, 0.177, 0.586, 0.210
iaps,5455.jpg, 0.236, 0.171, 0.722, 0.289, 0.384, 0.329
iaps,5460.jpg, 0.227, 0.235, 0.436, 0.343, 0.371, 0.344
iaps,5470.jpg, 0.332, 0.284, 0.259, 0.266, 0.471, 0.352
iaps,5471.jpg, 0.477, 0.240, 0.314, 0.263, 0.641, 0.221
iaps,5480.jpg, 0.273, 0.309, 0.617, 0.354, 0.403, 0.328
iaps,5500.jpg, 0.134, 0.265, 0.566, 0.407, 0.368, 0.372
iaps,5510.jpg, 0.343, 0.357, 0.610, 0.357, 0.283, 0.362
iaps,5520.jpg, 0.101, 0.166, 0.717, 0.259, 0.482, 0.316
iaps,5530.jpg, 0.186, 0.195, 0.560, 0.377, 0.310, 0.323
iaps,5531.jpg, 0.166, 0.184, 0.546, 0.243, 0.513, 0.301
iaps,5532.jpg, 0.260, 0.328, 0.552, 0.249, 0.472, 0.331
iaps,5533.jpg, 0.257, 0.392, 0.494, 0.308, 0.314, 0.303
iaps,5534.jpg, 0.256, 0.311, 0.428, 0.219, 0.505, 0.333
iaps,5535.jpg, 0.479, 0.394, 0.249, 0.202, 0.617, 0.220
iaps,5551.jpg, 0.387, 0.327, 0.204, 0.233, 0.401, 0.350
iaps,5593.jpg, 0.517, 0.209, 0.405, 0.244, 0.634, 0.204
iaps,5594.jpg, 0.463, 0.225, 0.140, 0.078, 0.403, 0.168
iaps,5600.jpg, 0.624, 0.058, 0.531, 0.277, 0.723, 0.211
iaps,5611.jpg, 0.495, 0.339, 0.718, 0.323, 0.229, 0.291
iaps,5621.jpg, 0.565, 0.216, 0.513, 0.218, 0.348, 0.156
iaps,5622.jpg, 0.572, 0.168, 0.789, 0.265, 0.537, 0.241
iaps,5623.jpg, 0.602, 0.131, 0.489, 0.209, 0.439, 0.288
iaps,5626.jpg, 0.670, 0.171, 0.359, 0.180, 0.418, 0.327
iaps,5628.jpg, 0.539, 0.239, 0.235, 0.284, 0.673, 0.334
iaps,5629.jpg, 0.485, 0.227, 0.299, 0.300, 0.572, 0.344
iaps,5631.jpg, 0.567, 0.030, 0.669, 0.264, 0.707, 0.200
iaps,5635.jpg, 0.516, 0.350, 0.219, 0.253, 0.672, 0.334
iaps,5660.jpg, 0.328, 0.258, 0.418, 0.213, 0.633, 0.273
iaps,5661.jpg, 0.293, 0.387, 0.604, 0.267, 0.517, 0.242
iaps,5665.jpg, 0.484, 0.377, 0.244, 0.130, 0.596, 0.288
iaps,5700.jpg, 0.640, 0.329, 0.360, 0.276, 0.462, 0.283
iaps,5711.jpg, 0.335, 0.331, 0.276, 0.243, 0.592, 0.319
iaps,5720.jpg, 0.156, 0.077, 0.523, 0.219, 0.436, 0.179
iaps,5725.jpg, 0.429, 0.209, 0.320, 0.219, 0.711, 0.210
iaps,5726.jpg, 0.352, 0.241, 0.464, 0.291, 0.709, 0.256
iaps,5731.jpg, 0.360, 0.259, 0.488, 0.263, 0.523, 0.324
iaps,5740.jpg, 0.243, 0.371, 0.300, 0.322, 0.390, 0.315
iaps,5750.jpg, 0.233, 0.099, 0.764, 0.275, 0.396, 0.282
iaps,5760.jpg, 0.341, 0.207, 0.513, 0.248, 0.710, 0.258
iaps,5764.jpg, 0.539, 0.077, 0.486, 0.204, 0.541, 0.246
iaps,5779.jpg, 0.071, 0.099, 0.422, 0.410, 0.258, 0.304
iaps,5780.jpg, 0.369, 0.167, 0.347, 0.273, 0.555, 0.367
iaps,5781.jpg, 0.131, 0.110, 0.430, 0.215, 0.400, 0.241
iaps,5800.jpg, 0.239, 0.118, 0.804, 0.288, 0.325, 0.288
iaps,5811.jpg, 0.285, 0.357, 0.519, 0.250, 0.436, 0.264
iaps,5814.jpg, 0.155, 0.142, 0.300, 0.234, 0.579, 0.300
iaps,5820.jpg, 0.399, 0.202, 0.242, 0.206, 0.541, 0.331
iaps,5825.jpg, 0.487, 0.171, 0.405, 0.228, 0.660, 0.265
iaps,5829.jpg, 0.056, 0.054, 0.595, 0.092, 0.638, 0.276
iaps,5830.jpg, 0.121, 0.156, 0.404, 0.301, 0.514, 0.392
iaps,5831.jpg, 0.544, 0.100, 0.475, 0.194, 0.677, 0.209
iaps,5833.jpg, 0.447, 0.215, 0.380, 0.309, 0.633, 0.286
iaps,5836.jpg, 0.390, 0.204, 0.289, 0.154, 0.686, 0.176
iaps,5849.jpg, 0.154, 0.192, 0.561, 0.328, 0.556, 0.293
iaps,5870.jpg, 0.490, 0.149, 0.244, 0.191, 0.635, 0.163
iaps,5875.jpg, 0.158, 0.071, 0.811, 0.250, 0.509, 0.327
iaps,5890.jpg, 0.547, 0.350, 0.370, 0.395, 0.296, 0.313
iaps,5891.jpg, 0.511, 0.233, 0.224, 0.225, 0.645, 0.236
iaps,5900.jpg, 0.317, 0.255, 0.276, 0.178, 0.658, 0.232
iaps,5910.jpg, 0.284, 0.367, 0.315, 0.301, 0.190, 0.247
iaps,5920.jpg, 0.083, 0.133, 0.953, 0.148, 0.427, 0.290
iaps,5940.jpg, 0.277, 0.261, 0.313, 0.304, 0.298, 0.267
iaps,5950.jpg, 0.657, 0.266, 0.341, 0.281, 0.369, 0.247
iaps,5961.jpg, 0.304, 0.373, 0.630, 0.306, 0.156, 0.203
iaps,5970.jpg, 0.600, 0.127, 0.367, 0.375, 0.278, 0.183
iaps,5971.jpg, 0.250, 0.104, 0.453, 0.190, 0.586, 0.367
iaps,5972.jpg, 0.107, 0.147, 0.340, 0.340, 0.244, 0.338
iaps,5973.jpg, 0.300, 0.133, 0.285, 0.234, 0.344, 0.277
iaps,5982.jpg, 0.483, 0.196, 0.343, 0.229, 0.511, 0.197
iaps,5990.jpg, 0.128, 0.274, 0.875, 0.198, 0.424, 0.329
iaps,5991.jpg, 0.079, 0.081, 0.434, 0.137, 0.721, 0.146
iaps,5994.jpg, 0.745, 0.320, 0.624, 0.250, 0.535, 0.280
iaps,6000.jpg, 0.118, 0.093, 0.680, 0.219, 0.354, 0.248
iaps,6010.jpg, 0.271, 0.361, 0.406, 0.383, 0.222, 0.301
iaps,6020.jpg, 0.135, 0.273, 0.357, 0.333, 0.542, 0.349
iaps,6021.jpg, 0.463, 0.334, 0.369, 0.315, 0.286, 0.287
iaps,6022.jpg, 0.221, 0.313, 0.185, 0.257, 0.302, 0.373
iaps,6150.jpg, 0.071, 0.022, 0.318, 0.112, 0.521, 0.089
iaps,6190.jpg, 0.268, 0.364, 0.591, 0.325, 0.413, 0.330
iaps,6200.jpg, 0.590, 0.126, 0.386, 0.231, 0.448, 0.348
iaps,6210.jpg, 0.359, 0.173, 0.303, 0.183, 0.434, 0.255
iaps,6211.jpg, 0.337, 0.410, 0.580, 0.179, 0.427, 0.279
iaps,6212.jpg, 0.231, 0.151, 0.385, 0.179, 0.549, 0.337
iaps,6213.jpg, 0.117, 0.170, 0.354, 0.414, 0.159, 0.261
iaps,6220.jpg, 0.202, 0.202, 0.259, 0.211, 0.353, 0.306
iaps,6230.jpg, 0.060, 0.165, 0.341, 0.393, 0.289, 0.408
iaps,6231.jpg, 0.436, 0.419, 0.481, 0.199, 0.322, 0.326
iaps,6240.jpg, 0.254, 0.254, 0.191, 0.220, 0.720, 0.317
iaps,6241.jpg, 0.669, 0.120, 0.438, 0.245, 0.583, 0.308
iaps,6242.jpg, 0.613, 0.252, 0.465, 0.294, 0.313, 0.282
iaps,6243.jpg, 0.333, 0.298, 0.234, 0.218, 0.389, 0.297
iaps,6244.jpg, 0.140, 0.229, 0.151, 0.195, 0.231, 0.311
iaps,6250.1.jpg, 0.166, 0.145, 0.404, 0.346, 0.649, 0.403
iaps,6250.2.jpg, 0.201, 0.106, 0.434, 0.283, 0.772, 0.328
iaps,6250.jpg, 0.166, 0.146, 0.405, 0.346, 0.648, 0.402
iaps,6260.jpg, 0.525, 0.303, 0.854, 0.250, 0.194, 0.314
iaps,6263.jpg, 0.572, 0.365, 0.321, 0.268, 0.094, 0.133
iaps,6300.jpg, 0.250, 0.334, 0.157, 0.213, 0.079, 0.214
iaps,6311.jpg, 0.094, 0.221, 0.275, 0.326, 0.350, 0.381
iaps,6312.jpg, 0.537, 0.187, 0.440, 0.240, 0.374, 0.277
iaps,6313.jpg, 0.205, 0.236, 0.580, 0.384, 0.533, 0.253
iaps,6314.jpg, 0.185, 0.270, 0.125, 0.180, 0.360, 0.379
iaps,6315.jpg, 0.307, 0.314, 0.435, 0.290, 0.477, 0.341
iaps,6350.jpg, 0.427, 0.327, 0.677, 0.383, 0.235, 0.350
iaps,6360.jpg, 0.246, 0.349, 0.265, 0.315, 0.321, 0.359
iaps,6370.jpg, 0.488, 0.183, 0.336, 0.247, 0.364, 0.274
iaps,6410.jpg, 0.619, 0.260, 0.574, 0.350, 0.294, 0.327
iaps,6415.jpg, 0.233, 0.337, 0.264, 0.343, 0.201, 0.296
iaps,6510.jpg, 0.475, 0.275, 0.697, 0.270, 0.303, 0.265
iaps,6520.jpg, 0.130, 0.214, 0.300, 0.176, 0.551, 0.299
iaps,6530.jpg, 0.291, 0.391, 0.563, 0.312, 0.276, 0.243
iaps,6540.jpg, 0.281, 0.310, 0.764, 0.198, 0.371, 0.280
iaps,6550.jpg, 0.071, 0.079, 0.655, 0.229, 0.539, 0.242
iaps,6555.jpg, 0.280, 0.372, 0.203, 0.257, 0.194, 0.269
iaps,6560.jpg, 0.287, 0.340, 0.706, 0.212, 0.365, 0.289
iaps,6561.jpg, 0.078, 0.125, 0.432, 0.138, 0.394, 0.208
iaps,6562.jpg, 0.543, 0.357, 0.325, 0.239, 0.397, 0.364
iaps,6563.jpg, 0.245, 0.304, 0.350, 0.187, 0.668, 0.293
iaps,6570.1.jpg, 0.428, 0.358, 0.462, 0.356, 0.193, 0.173
iaps,6570.2.jpg, 0.297, 0.170, 0.413, 0.220, 0.171, 0.186
iaps,6570.jpg, 0.428, 0.358, 0.462, 0.356, 0.193, 0.173
iaps,6571.jpg, 0.423, 0.229, 0.304, 0.201, 0.349, 0.283
iaps,6610.jpg, 0.227, 0.070, 0.266, 0.182, 0.813, 0.207
iaps,6800.jpg, 0.426, 0.248, 0.183, 0.241, 0.622, 0.299
iaps,6821.jpg, 0.479, 0.252, 0.228, 0.183, 0.402, 0.318
iaps,6825.jpg, 0.199, 0.151, 0.380, 0.233, 0.212, 0.237
iaps,6830.jpg, 0.128, 0.209, 0.248, 0.292, 0.227, 0.321
iaps,6831.jpg, 0.152, 0.253, 0.262, 0.266, 0.279, 0.309
iaps,6832.jpg, 0.405, 0.278, 0.154, 0.149, 0.674, 0.298
iaps,6834.jpg, 0.209, 0.148, 0.641, 0.351, 0.265, 0.267
iaps,6836.jpg, 0.331, 0.120, 0.802, 0.271, 0.183, 0.256
iaps,6837.jpg, 0.419, 0.358, 0.390, 0.231, 0.508, 0.324
iaps,6838.jpg, 0.268, 0.158, 0.448, 0.310, 0.451, 0.341
iaps,6840.jpg, 0.191, 0.093, 0.763, 0.228, 0.353, 0.329
iaps,6900.jpg, 0.228, 0.145, 0.257, 0.292, 0.608, 0.378
iaps,6910.jpg, 0.305, 0.236, 0.193, 0.222, 0.595, 0.407
iaps,6930.jpg, 0.185, 0.172, 0.515, 0.290, 0.433, 0.309
iaps,6940.jpg, 0.290, 0.387, 0.402, 0.272, 0.514, 0.312
iaps,7000.jpg, 0.103, 0.141, 0.726, 0.240, 0.462, 0.284
iaps,7001.jpg, 0.504, 0.293, 0.357, 0.253, 0.512, 0.272
iaps,7002.jpg, 0.265, 0.208, 0.538, 0.353, 0.606, 0.253
iaps,7003.jpg, 0.349, 0.355, 0.553, 0.353, 0.380, 0.145
iaps,7004.jpg, 0.090, 0.164, 0.638, 0.202, 0.408, 0.174
iaps,7006.jpg, 0.165, 0.232, 0.639, 0.334, 0.348, 0.308
iaps,7009.jpg, 0.177, 0.208, 0.925, 0.116, 0.593, 0.106
iaps,7010.jpg, 0.113, 0.243, 0.722, 0.330, 0.373, 0.296
iaps,7011.jpg, 0.432, 0.416, 0.485, 0.236, 0.646, 0.275
iaps,7012.jpg, 0.503, 0.164, 0.163, 0.213, 0.849, 0.230
iaps,7013.jpg, 0.221, 0.267, 0.379, 0.195, 0.641, 0.190
iaps,7014.jpg, 0.429, 0.351, 0.228, 0.330, 0.759, 0.379
iaps,7016.jpg, 0.250, 0.311, 0.131, 0.245, 0.884, 0.162
iaps,7017.jpg, 0.423, 0.251, 0.462, 0.293, 0.324, 0.199
iaps,7018.jpg, 0.220, 0.388, 0.023, 0.034, 0.829, 0.294
iaps,7019.jpg, 0.144, 0.183, 0.452, 0.165, 0.744, 0.205
iaps,7020.jpg, 0.456, 0.165, 0.405, 0.334, 0.522, 0.339
iaps,7021.jpg, 0.484, 0.246, 0.043, 0.103, 0.860, 0.164
iaps,7023.jpg, 0.478, 0.350, 0.219, 0.258, 0.469, 0.337
iaps,7025.jpg, 0.084, 0.095, 0.311, 0.297, 0.531, 0.407
iaps,7026.jpg, 0.209, 0.059, 0.459, 0.204, 0.526, 0.236
iaps,7030.jpg, 0.357, 0.264, 0.394, 0.307, 0.462, 0.259
iaps,7031.jpg, 0.154, 0.307, 0.881, 0.107, 0.318, 0.181
iaps,7032.jpg, 0.322, 0.230, 0.278, 0.223, 0.653, 0.215
iaps,7033.jpg, 0.387, 0.245, 0.187, 0.177, 0.614, 0.357
iaps,7034.jpg, 0.247, 0.183, 0.159, 0.209, 0.577, 0.298
iaps,7035.jpg, 0.352, 0.152, 0.326, 0.213, 0.651, 0.287
iaps,7036.jpg, 0.350, 0.346, 0.420, 0.236, 0.512, 0.270
iaps,7037.jpg, 0.367, 0.382, 0.305, 0.183, 0.340, 0.267
iaps,7038.jpg, 0.631, 0.374, 0.218, 0.114, 0.435, 0.201
iaps,7039.jpg, 0.155, 0.181, 0.373, 0.300, 0.263, 0.250
iaps,7040.jpg, 0.300, 0.133, 0.268, 0.194, 0.633, 0.223
iaps,7041.jpg, 0.128, 0.263, 0.403, 0.134, 0.443, 0.159
iaps,7042.jpg, 0.555, 0.250, 0.067, 0.119, 0.672, 0.263
iaps,7043.jpg, 0.065, 0.154, 0.065, 0.133, 0.814, 0.326
iaps,7044.jpg, 0.304, 0.374, 0.218, 0.212, 0.312, 0.252
iaps,7045.jpg, 0.292, 0.142, 0.110, 0.169, 0.662, 0.256
iaps,7046.jpg, 0.206, 0.275, 0.138, 0.239, 0.770, 0.117
iaps,7050.jpg, 0.098, 0.110, 0.534, 0.220, 0.736, 0.327
iaps,7052.jpg, 0.249, 0.268, 0.379, 0.342, 0.817, 0.162
iaps,7053.jpg, 0.167, 0.245, 0.068, 0.126, 0.863, 0.220
iaps,7054.jpg, 0.288, 0.263, 0.133, 0.184, 0.705, 0.236
iaps,7055.jpg, 0.464, 0.303, 0.182, 0.216, 0.711, 0.273
iaps,7056.jpg, 0.227, 0.248, 0.130, 0.257, 0.774, 0.293
iaps,7057.jpg, 0.171, 0.091, 0.457, 0.201, 0.573, 0.300
iaps,7058.jpg, 0.159, 0.226, 0.163, 0.229, 0.754, 0.155
iaps,7059.jpg, 0.447, 0.199, 0.082, 0.116, 0.710, 0.243
iaps,7060.jpg, 0.265, 0.195, 0.330, 0.292, 0.401, 0.361
iaps,7061.jpg, 0.450, 0.363, 0.225, 0.255, 0.567, 0.389
iaps,7062.jpg, 0.333, 0.342, 0.132, 0.118, 0.491, 0.250
iaps,7077.jpg, 0.474, 0.356, 0.193, 0.197, 0.615, 0.358
iaps,7078.jpg, 0.274, 0.191, 0.291, 0.332, 0.668, 0.209
iaps,7079.jpg, 0.214, 0.293, 0.547, 0.323, 0.780, 0.244
iaps,7080.jpg, 0.175, 0.310, 0.389, 0.186, 0.559, 0.183
iaps,7081.jpg, 0.402, 0.272, 0.196, 0.192, 0.485, 0.279
iaps,7090.jpg, 0.593, 0.399, 0.310, 0.302, 0.540, 0.292
iaps,7092.jpg, 0.248, 0.313, 0.377, 0.234, 0.595, 0.237
iaps,7095.jpg, 0.199, 0.229, 0.494, 0.379, 0.536, 0.395
iaps,7096.jpg, 0.206, 0.127, 0.831, 0.289, 0.408, 0.436
iaps,7100.jpg, 0.285, 0.201, 0.360, 0.304, 0.429, 0.306
iaps,7110.jpg, 0.448, 0.115, 0.305, 0.243, 0.514, 0.198
iaps,7130.jpg, 0.165, 0.320, 0.540, 0.367, 0.403, 0.342
iaps,7135.jpg, 0.474, 0.134, 0.185, 0.146, 0.608, 0.249
iaps,7136.jpg, 0.397, 0.323, 0.308, 0.340, 0.555, 0.351
iaps,7137.jpg, 0.455, 0.247, 0.163, 0.134, 0.439, 0.192
iaps,7140.jpg, 0.238, 0.193, 0.348, 0.354, 0.497, 0.306
iaps,7150.jpg, 0.261, 0.271, 0.221, 0.269, 0.632, 0.340
iaps,7160.jpg, 0.734, 0.329, 0.309, 0.250, 0.513, 0.341
iaps,7161.jpg, 0.315, 0.361, 0.503, 0.290, 0.628, 0.311
iaps,7165.jpg, 0.257, 0.278, 0.232, 0.197, 0.618, 0.194
iaps,7170.jpg, 0.126, 0.064, 0.707, 0.225, 0.564, 0.313
iaps,7175.jpg, 0.122, 0.265, 0.528, 0.268, 0.247, 0.263
iaps,7179.jpg, 0.246, 0.335, 0.594, 0.278, 0.562, 0.210
iaps,7180.jpg, 0.115, 0.261, 0.367, 0.453, 0.110, 0.200
iaps,7182.jpg, 0.152, 0.261, 0.526, 0.476, 0.755, 0.368
iaps,7183.jpg, 0.184, 0.232, 0.510, 0.463, 0.769, 0.377
iaps,7184.jpg, 0.049, 0.074, 0.472, 0.415, 0.344, 0.409
iaps,7185.jpg, 0.236, 0.366, 0.454, 0.348, 0.701, 0.262
iaps,7186.jpg, 0.068, 0.087, 0.340, 0.384, 0.484, 0.480
iaps,7187.jpg, 0.099, 0.182, 0.236, 0.339, 0.591, 0.418
iaps,7188.jpg, 0.107, 0.190, 0.203, 0.361, 0.244, 0.346
iaps,7190.jpg, 0.308, 0.344, 0.726, 0.207, 0.393, 0.308
iaps,7192.jpg, 0.336, 0.394, 0.243, 0.295, 0.406, 0.212
iaps,7195.jpg, 0.068, 0.091, 0.648, 0.334, 0.386, 0.294
iaps,7200.jpg, 0.146, 0.250, 0.681, 0.353, 0.691, 0.335
iaps,7205.jpg, 0.567, 0.344, 0.783, 0.200, 0.493, 0.171
iaps,7207.jpg, 0.674, 0.246, 0.809, 0.229, 0.345, 0.286
iaps,7211.jpg, 0.302, 0.191, 0.135, 0.155, 0.750, 0.266
iaps,7217.jpg, 0.254, 0.221, 0.315, 0.319, 0.401, 0.364
iaps,7220.jpg, 0.049, 0.073, 0.383, 0.418, 0.272, 0.370
iaps,7224.jpg, 0.110, 0.097, 0.305, 0.258, 0.361, 0.317
iaps,7230.jpg, 0.278, 0.363, 0.814, 0.294, 0.452, 0.313
iaps,7233.jpg, 0.157, 0.108, 0.612, 0.391, 0.562, 0.269
iaps,7234.jpg, 0.394, 0.220, 0.351, 0.270, 0.402, 0.253
iaps,7235.jpg, 0.172, 0.223, 0.282, 0.288, 0.320, 0.281
iaps,7236.jpg, 0.324, 0.285, 0.423, 0.386, 0.471, 0.424
iaps,7237.jpg, 0.397, 0.359, 0.958, 0.097, 0.805, 0.221
iaps,7238.jpg, 0.334, 0.275, 0.787, 0.361, 0.568, 0.397
iaps,7240.jpg, 0.313, 0.267, 0.156, 0.170, 0.570, 0.310
iaps,7242.jpg, 0.316, 0.344, 0.325, 0.276, 0.536, 0.372
iaps,7247.jpg, 0.102, 0.167, 0.424, 0.357, 0.279, 0.300
iaps,7248.jpg, 0.157, 0.252, 0.462, 0.468, 0.173, 0.305
iaps,7249.jpg, 0.475, 0.297, 0.357, 0.251, 0.377, 0.287
iaps,7255.jpg, 0.268, 0.268, 0.170, 0.245, 0.914, 0.136
iaps,7260.jpg, 0.241, 0.253, 0.496, 0.367, 0.578, 0.346
iaps,7270.jpg, 0.328, 0.213, 0.434, 0.320, 0.718, 0.302
iaps,7279.jpg, 0.316, 0.289, 0.273, 0.264, 0.443, 0.246
iaps,7280.jpg, 0.442, 0.391, 0.756, 0.261, 0.525, 0.346
iaps,7281.jpg, 0.109, 0.141, 0.376, 0.337, 0.457, 0.320
iaps,7282.jpg, 0.146, 0.306, 0.412, 0.416, 0.265, 0.335
iaps,7283.jpg, 0.144, 0.308, 0.502, 0.442, 0.334, 0.379
iaps,7284.jpg, 0.095, 0.276, 0.495, 0.482, 0.213, 0.264
iaps,7285.jpg, 0.126, 0.295, 0.469, 0.447, 0.250, 0.289
iaps,7286.jpg, 0.127, 0.279, 0.620, 0.436, 0.256, 0.288
iaps,7287.jpg, 0.317, 0.340, 0.449, 0.340, 0.476, 0.354
iaps,7289.jpg, 0.082, 0.141, 0.264, 0.330, 0.296, 0.350
iaps,7290.jpg, 0.300, 0.207, 0.197, 0.285, 0.697, 0.213
iaps,7291.jpg, 0.199, 0.303, 0.592, 0.256, 0.306, 0.297
iaps,7300.jpg, 0.186, 0.263, 0.347, 0.244, 0.504, 0.208
iaps,7320.jpg, 0.127, 0.156, 0.620, 0.288, 0.455, 0.345
iaps,7325.jpg, 0.319, 0.259, 0.478, 0.243, 0.575, 0.260
iaps,7330.jpg, 0.507, 0.442, 0.475, 0.407, 0.273, 0.265
iaps,7340.jpg, 0.174, 0.230, 0.527, 0.419, 0.427, 0.369
iaps,7350.jpg, 0.103, 0.131, 0.624, 0.318, 0.586, 0.299
iaps,7351.jpg, 0.277, 0.406, 0.608, 0.253, 0.459, 0.283
iaps,7352.jpg, 0.212, 0.310, 0.425, 0.401, 0.377, 0.328
iaps,7354.jpg, 0.122, 0.105, 0.321, 0.192, 0.754, 0.153
iaps,7359.jpg, 0.292, 0.345, 0.411, 0.358, 0.749, 0.229
iaps,7360.jpg, 0.291, 0.343, 0.409, 0.357, 0.753, 0.226
iaps,7361.jpg, 0.219, 0.325, 0.440, 0.255, 0.650, 0.291
iaps,7365.jpg, 0.325, 0.394, 0.428, 0.255, 0.655, 0.264
iaps,7380.jpg, 0.154, 0.184, 0.630, 0.278, 0.653, 0.237
iaps,7390.jpg, 0.121, 0.261, 0.748, 0.292, 0.590, 0.217
iaps,7400.jpg, 0.229, 0.210, 0.289, 0.343, 0.564, 0.378
iaps,7402.jpg, 0.053, 0.092, 0.292, 0.371, 0.416, 0.447
iaps,7405.jpg, 0.200, 0.225, 0.340, 0.292, 0.465, 0.320
iaps,7410.jpg, 0.267, 0.344, 0.809, 0.254, 0.553, 0.318
iaps,7430.jpg, 0.097, 0.205, 0.692, 0.305, 0.420, 0.317
iaps,7440.jpg, 0.493, 0.275, 0.244, 0.200, 0.608, 0.222
iaps,7450.jpg, 0.299, 0.244, 0.502, 0.297, 0.760, 0.257
iaps,7451.jpg, 0.205, 0.213, 0.528, 0.279, 0.739, 0.269
iaps,7460.jpg, 0.543, 0.409, 0.886, 0.190, 0.281, 0.304
iaps,7461.jpg, 0.118, 0.181, 0.591, 0.278, 0.823, 0.248
iaps,7470.jpg, 0.110, 0.189, 0.823, 0.248, 0.559, 0.308
iaps,7472.jpg, 0.117, 0.170, 0.730, 0.172, 0.370, 0.233
iaps,7475.jpg, 0.099, 0.201, 0.423, 0.409, 0.405, 0.383
iaps,7476.jpg, 0.193, 0.233, 0.313, 0.218, 0.532, 0.232
iaps,7477.jpg, 0.396, 0.405, 0.240, 0.342, 0.784, 0.299
iaps,7480.jpg, 0.099, 0.109, 0.909, 0.148, 0.474, 0.286
iaps,7481.jpg, 0.071, 0.110, 0.301, 0.353, 0.291, 0.355
iaps,7482.jpg, 0.220, 0.312, 0.553, 0.140, 0.611, 0.242
iaps,7484.jpg, 0.492, 0.361, 0.260, 0.132, 0.450, 0.234
iaps,7487.jpg, 0.089, 0.103, 0.593, 0.248, 0.746, 0.176
iaps,7488.jpg, 0.171, 0.213, 0.503, 0.195, 0.660, 0.264
iaps,7489.jpg, 0.420, 0.244, 0.409, 0.273, 0.584, 0.298
iaps,7490.jpg, 0.583, 0.167, 0.528, 0.166, 0.639, 0.122
iaps,7491.jpg, 0.259, 0.236, 0.395, 0.345, 0.174, 0.193
iaps,7492.jpg, 0.585, 0.178, 0.362, 0.257, 0.589, 0.236
iaps,7493.jpg, 0.197, 0.156, 0.428, 0.233, 0.448, 0.297
iaps,7495.jpg, 0.342, 0.268, 0.512, 0.254, 0.428, 0.241
iaps,7496.jpg, 0.270, 0.294, 0.410, 0.228, 0.390, 0.273
iaps,7497.jpg, 0.291, 0.311, 0.381, 0.313, 0.547, 0.302
iaps,7499.jpg, 0.360, 0.392, 0.532, 0.281, 0.590, 0.335
iaps,7500.jpg, 0.383, 0.343, 0.241, 0.216, 0.496, 0.423
iaps,7501.jpg, 0.166, 0.269, 0.731, 0.281, 0.352, 0.311
iaps,7502.jpg, 0.216, 0.294, 0.232, 0.298, 0.336, 0.337
iaps,7503.jpg, 0.238, 0.329, 0.530, 0.249, 0.291, 0.258
iaps,7504.jpg, 0.160, 0.290, 0.248, 0.293, 0.212, 0.291
iaps,7505.jpg, 0.163, 0.188, 0.483, 0.269, 0.517, 0.269
iaps,7506.jpg, 0.196, 0.315, 0.472, 0.281, 0.305, 0.306
iaps,7507.jpg, 0.346, 0.288, 0.281, 0.233, 0.787, 0.157
iaps,7508.jpg, 0.223, 0.302, 0.451, 0.361, 0.386, 0.397
iaps,7509.jpg, 0.268, 0.361, 0.218, 0.288, 0.809, 0.194
iaps,7510.jpg, 0.199, 0.241, 0.666, 0.315, 0.521, 0.333
iaps,7512.jpg, 0.183, 0.182, 0.347, 0.177, 0.637, 0.174
iaps,7513.jpg, 0.245, 0.276, 0.295, 0.254, 0.701, 0.264
iaps,7515.jpg, 0.196, 0.308, 0.445, 0.258, 0.430, 0.299
iaps,7520.jpg, 0.239, 0.191, 0.460, 0.245, 0.329, 0.223
iaps,7521.jpg, 0.246, 0.235, 0.498, 0.341, 0.653, 0.226
iaps,7530.jpg, 0.466, 0.248, 0.360, 0.210, 0.695, 0.253
iaps,7545.jpg, 0.088, 0.208, 0.301, 0.283, 0.271, 0.309
iaps,7546.jpg, 0.314, 0.262, 0.258, 0.247, 0.499, 0.362
iaps,7547.jpg, 0.329, 0.280, 0.183, 0.188, 0.438, 0.370
iaps,7550.jpg, 0.222, 0.168, 0.447, 0.296, 0.376, 0.294
iaps,7560.jpg, 0.150, 0.202, 0.460, 0.308, 0.347, 0.309
iaps,7570.jpg, 0.405, 0.452, 0.502, 0.294, 0.491, 0.364
iaps,7580.jpg, 0.431, 0.343, 0.521, 0.270, 0.372, 0.213
iaps,7590.jpg, 0.220, 0.375, 0.704, 0.399, 0.255, 0.283
iaps,7595.jpg, 0.393, 0.315, 0.303, 0.154, 0.509, 0.251
iaps,7600.jpg, 0.106, 0.068, 0.770, 0.262, 0.514, 0.337
iaps,7620.jpg, 0.295, 0.407, 0.472, 0.269, 0.617, 0.302
iaps,7632.jpg, 0.253, 0.186, 0.225, 0.277, 0.572, 0.346
iaps,7640.jpg, 0.390, 0.194, 0.254, 0.278, 0.675, 0.284
iaps,7650.jpg, 0.218, 0.204, 0.196, 0.171, 0.505, 0.254
iaps,7660.jpg, 0.198, 0.325, 0.256, 0.323, 0.372, 0.346
iaps,7700.jpg, 0.106, 0.261, 0.296, 0.355, 0.182, 0.290
iaps,7705.jpg, 0.119, 0.059, 0.419, 0.201, 0.655, 0.318
iaps,7710.jpg, 0.365, 0.421, 0.487, 0.357, 0.376, 0.309
iaps,7820.jpg, 0.188, 0.331, 0.918, 0.061, 0.677, 0.227
iaps,7830.jpg, 0.209, 0.268, 0.526, 0.293, 0.547, 0.318
iaps,7900.jpg, 0.198, 0.263, 0.697, 0.337, 0.127, 0.161
iaps,7920.jpg, 0.365, 0.260, 0.360, 0.318, 0.354, 0.252
iaps,7950.jpg, 0.587, 0.266, 0.279, 0.322, 0.631, 0.292
iaps,8001.jpg, 0.100, 0.128, 0.481, 0.221, 0.518, 0.299
iaps,8010.jpg, 0.543, 0.445, 0.343, 0.270, 0.559, 0.319
iaps,8021.jpg, 0.529, 0.275, 0.163, 0.113, 0.529, 0.176
iaps,8030.jpg, 0.584, 0.254, 0.152, 0.210, 0.732, 0.323
iaps,8031.jpg, 0.536, 0.183, 0.445, 0.236, 0.717, 0.160
iaps,8032.jpg, 0.278, 0.227, 0.168, 0.225, 0.764, 0.236
iaps,8033.jpg, 0.196, 0.303, 0.140, 0.135, 0.691, 0.252
iaps,8034.jpg, 0.515, 0.287, 0.242, 0.293, 0.651, 0.275
iaps,8040.jpg, 0.504, 0.193, 0.507, 0.156, 0.569, 0.120
iaps,8041.jpg, 0.494, 0.149, 0.633, 0.154, 0.810, 0.204
iaps,8050.jpg, 0.264, 0.362, 0.225, 0.282, 0.360, 0.328
iaps,8060.jpg, 0.170, 0.318, 0.274, 0.300, 0.198, 0.290
iaps,8065.jpg, 0.323, 0.286, 0.358, 0.335, 0.250, 0.355
iaps,8080.jpg, 0.362, 0.198, 0.282, 0.268, 0.765, 0.308
iaps,8090.jpg, 0.255, 0.346, 0.407, 0.248, 0.262, 0.272
iaps,8116.jpg, 0.277, 0.118, 0.635, 0.265, 0.389, 0.351
iaps,8117.jpg, 0.601, 0.233, 0.457, 0.286, 0.394, 0.307
iaps,8118.jpg, 0.237, 0.204, 0.330, 0.184, 0.481, 0.255
iaps,8120.jpg, 0.389, 0.243, 0.406, 0.313, 0.493, 0.335
iaps,8121.jpg, 0.345, 0.273, 0.312, 0.163, 0.564, 0.179
iaps,8130.jpg, 0.201, 0.235, 0.304, 0.257, 0.510, 0.359
iaps,8158.jpg, 0.527, 0.236, 0.183, 0.149, 0.448, 0.187
iaps,8160.jpg, 0.086, 0.079, 0.586, 0.191, 0.534, 0.169
iaps,8161.jpg, 0.555, 0.241, 0.364, 0.223, 0.694, 0.165
iaps,8162.jpg, 0.373, 0.418, 0.499, 0.409, 0.428, 0.373
iaps,8163.jpg, 0.585, 0.121, 0.134, 0.175, 0.767, 0.087
iaps,8170.jpg, 0.489, 0.222, 0.296, 0.209, 0.544, 0.285
iaps,8178.jpg, 0.174, 0.198, 0.150, 0.192, 0.241, 0.285
iaps,8179.jpg, 0.149, 0.098, 0.658, 0.250, 0.201, 0.238
iaps,8180.jpg, 0.324, 0.405, 0.344, 0.372, 0.530, 0.400
iaps,8185.jpg, 0.477, 0.221, 0.353, 0.254, 0.543, 0.272
iaps,8186.jpg, 0.481, 0.180, 0.412, 0.211, 0.495, 0.255
iaps,8190.jpg, 0.421, 0.229, 0.067, 0.067, 0.781, 0.169
iaps,8191.jpg, 0.441, 0.183, 0.136, 0.155, 0.706, 0.233
iaps,8192.jpg, 0.286, 0.219, 0.511, 0.315, 0.341, 0.271
iaps,8193.jpg, 0.542, 0.138, 0.704, 0.240, 0.682, 0.177
iaps,8200.jpg, 0.445, 0.267, 0.168, 0.201, 0.803, 0.266
iaps,8205.jpg, 0.500, 0.195, 0.244, 0.269, 0.538, 0.234
iaps,8206.jpg, 0.651, 0.145, 0.333, 0.117, 0.464, 0.314
iaps,8208.jpg, 0.320, 0.225, 0.169, 0.127, 0.496, 0.233
iaps,8210.jpg, 0.488, 0.189, 0.420, 0.208, 0.567, 0.210
iaps,8211.jpg, 0.316, 0.179, 0.354, 0.254, 0.354, 0.202
iaps,8220.jpg, 0.060, 0.149, 0.297, 0.385, 0.207, 0.274
iaps,8230.jpg, 0.161, 0.296, 0.272, 0.332, 0.198, 0.271
iaps,8231.jpg, 0.198, 0.143, 0.806, 0.214, 0.469, 0.386
iaps,8232.jpg, 0.356, 0.228, 0.423, 0.234, 0.332, 0.284
iaps,8241.jpg, 0.332, 0.350, 0.326, 0.353, 0.378, 0.372
iaps,8250.jpg, 0.151, 0.155, 0.308, 0.296, 0.372, 0.186
iaps,8251.jpg, 0.466, 0.340, 0.188, 0.241, 0.290, 0.205
iaps,8260.jpg, 0.191, 0.162, 0.356, 0.310, 0.467, 0.239
iaps,8280.jpg, 0.458, 0.278, 0.469, 0.241, 0.434, 0.238
iaps,8300.jpg, 0.448, 0.219, 0.372, 0.262, 0.494, 0.270
iaps,8311.jpg, 0.325, 0.205, 0.420, 0.235, 0.486, 0.253
iaps,8312.jpg, 0.273, 0.148, 0.336, 0.204, 0.609, 0.161
iaps,8320.jpg, 0.181, 0.186, 0.413, 0.285, 0.519, 0.259
iaps,8325.jpg, 0.228, 0.275, 0.258, 0.224, 0.643, 0.214
iaps,8330.jpg, 0.135, 0.121, 0.331, 0.256, 0.461, 0.321
iaps,8340.jpg, 0.329, 0.294, 0.335, 0.316, 0.293, 0.222
iaps,8341.jpg, 0.432, 0.308, 0.427, 0.353, 0.599, 0.351
iaps,8350.jpg, 0.197, 0.190, 0.203, 0.233, 0.640, 0.269
iaps,8370.jpg, 0.267, 0.170, 0.239, 0.229, 0.545, 0.287
iaps,8371.jpg, 0.446, 0.316, 0.289, 0.276, 0.526, 0.298
iaps,8380.jpg, 0.388, 0.284, 0.361, 0.351, 0.512, 0.320
iaps,8400.jpg, 0.364, 0.368, 0.366, 0.330, 0.337, 0.251
iaps,8420.jpg, 0.156, 0.159, 0.366, 0.233, 0.561, 0.275
iaps,8460.jpg, 0.420, 0.316, 0.273, 0.160, 0.516, 0.250
iaps,8461.jpg, 0.157, 0.150, 0.512, 0.277, 0.320, 0.300
iaps,8465.jpg, 0.542, 0.187, 0.344, 0.196, 0.609, 0.220
iaps,8466.jpg, 0.169, 0.132, 0.370, 0.219, 0.521, 0.230
iaps,8467.jpg, 0.649, 0.266, 0.449, 0.241, 0.492, 0.363
iaps,8470.jpg, 0.267, 0.336, 0.410, 0.330, 0.299, 0.204
iaps,8475.jpg, 0.512, 0.176, 0.304, 0.201, 0.583, 0.222
iaps,8480.jpg, 0.058, 0.059, 0.861, 0.085, 0.645, 0.258
iaps,8485.jpg, 0.135, 0.136, 0.832, 0.205, 0.677, 0.391
iaps,8490.jpg, 0.070, 0.101, 0.750, 0.252, 0.509, 0.292
iaps,8492.jpg, 0.309, 0.213, 0.264, 0.245, 0.513, 0.256
iaps,8496.jpg, 0.158, 0.254, 0.167, 0.257, 0.310, 0.320
iaps,8497.jpg, 0.154, 0.201, 0.294, 0.210, 0.540, 0.227
iaps,8499.jpg, 0.396, 0.330, 0.426, 0.268, 0.436, 0.314
iaps,8500.jpg, 0.084, 0.056, 0.742, 0.122, 0.535, 0.272
iaps,8501.jpg, 0.133, 0.028, 0.406, 0.167, 0.721, 0.203
iaps,8502.jpg, 0.092, 0.076, 0.339, 0.247, 0.532, 0.336
iaps,8503.jpg, 0.279, 0.083, 0.674, 0.398, 0.298, 0.318
iaps,8510.jpg, 0.178, 0.221, 0.466, 0.372, 0.351, 0.280
iaps,8531.jpg, 0.560, 0.145, 0.842, 0.194, 0.121, 0.136
iaps,8540.jpg, 0.498, 0.208, 0.316, 0.226, 0.742, 0.189
iaps,8600.jpg, 0.237, 0.257, 0.600, 0.381, 0.374, 0.284
iaps,8620.jpg, 0.093, 0.221, 0.692, 0.171, 0.592, 0.275
iaps,9000.jpg, 0.357, 0.211, 0.577, 0.389, 0.213, 0.292
iaps,9001.jpg, 0.352, 0.358, 0.283, 0.295, 0.382, 0.304
iaps,9002.jpg, 0.469, 0.346, 0.311, 0.304, 0.604, 0.273
iaps,9005.jpg, 0.096, 0.083, 0.689, 0.093, 0.634, 0.163
iaps,9006.jpg, 0.121, 0.154, 0.440, 0.187, 0.693, 0.243
iaps,9007.jpg, 0.123, 0.264, 0.306, 0.362, 0.296, 0.376
iaps,9008.jpg, 0.161, 0.171, 0.465, 0.331, 0.507, 0.297
iaps,9010.jpg, 0.469, 0.155, 0.275, 0.290, 0.483, 0.302
iaps,9031.jpg, 0.248, 0.331, 0.457, 0.282, 0.579, 0.245
iaps,9040.jpg, 0.248, 0.241, 0.707, 0.190, 0.767, 0.227
iaps,9041.jpg, 0.441, 0.262, 0.176, 0.129, 0.656, 0.307
iaps,9042.jpg, 0.393, 0.434, 0.377, 0.188, 0.580, 0.290
iaps,9043.jpg, 0.079, 0.124, 0.531, 0.154, 0.849, 0.176
iaps,9045.jpg, 0.097, 0.223, 0.372, 0.366, 0.332, 0.398
iaps,9046.jpg, 0.107, 0.089, 0.420, 0.322, 0.308, 0.329
iaps,9050.jpg, 0.265, 0.246, 0.312, 0.301, 0.516, 0.388
iaps,9070.jpg, 0.310, 0.341, 0.499, 0.354, 0.291, 0.246
iaps,9075.jpg, 0.086, 0.116, 0.353, 0.138, 0.620, 0.238
iaps,9080.jpg, 0.354, 0.278, 0.407, 0.345, 0.247, 0.294
iaps,9090.jpg, 0.286, 0.115, 0.370, 0.274, 0.708, 0.289
iaps,9101.jpg, 0.634, 0.064, 0.557, 0.120, 0.225, 0.181
iaps,9102.jpg, 0.082, 0.157, 0.260, 0.285, 0.235, 0.285
iaps,9110.jpg, 0.204, 0.147, 0.504, 0.269, 0.397, 0.278
iaps,9120.jpg, 0.471, 0.361, 0.691, 0.369, 0.214, 0.301
iaps,9140.jpg, 0.173, 0.211, 0.347, 0.275, 0.437, 0.328
iaps,9145.jpg, 0.404, 0.275, 0.281, 0.215, 0.536, 0.228
iaps,9150.jpg, 0.208, 0.302, 0.578, 0.263, 0.733, 0.234
iaps,9156.jpg, 0.363, 0.201, 0.349, 0.306, 0.453, 0.381
iaps,9160.jpg, 0.163, 0.243, 0.431, 0.271, 0.352, 0.265
iaps,9163.jpg, 0.359, 0.347, 0.225, 0.221, 0.545, 0.224
iaps,9171.jpg, 0.348, 0.244, 0.295, 0.248, 0.407, 0.231
iaps,9180.jpg, 0.161, 0.215, 0.259, 0.202, 0.688, 0.392
iaps,9181.jpg, 0.216, 0.318, 0.556, 0.299, 0.642, 0.288
iaps,9182.jpg, 0.239, 0.365, 0.564, 0.199, 0.575, 0.233
iaps,9183.jpg, 0.137, 0.120, 0.380, 0.162, 0.517, 0.254
iaps,9184.jpg, 0.226, 0.253, 0.063, 0.071, 0.744, 0.228
iaps,9185.jpg, 0.162, 0.243, 0.261, 0.177, 0.518, 0.251
iaps,9186.jpg, 0.108, 0.114, 0.386, 0.154, 0.686, 0.267
iaps,9187.jpg, 0.203, 0.223, 0.232, 0.213, 0.562, 0.273
iaps,9190.jpg, 0.112, 0.194, 0.285, 0.379, 0.304, 0.399
iaps,9210.jpg, 0.186, 0.091, 0.273, 0.193, 0.470, 0.282
iaps,9220.jpg, 0.201, 0.182, 0.544, 0.255, 0.379, 0.218
iaps,9230.jpg, 0.139, 0.250, 0.834, 0.182, 0.430, 0.309
iaps,9250.jpg, 0.192, 0.317, 0.625, 0.343, 0.416, 0.284
iaps,9252.jpg, 0.124, 0.240, 0.239, 0.326, 0.312, 0.384
iaps,9253.jpg, 0.128, 0.241, 0.744, 0.207, 0.643, 0.250
iaps,9254.jpg, 0.492, 0.383, 0.406, 0.321, 0.404, 0.307
iaps,9260.jpg, 0.349, 0.248, 0.316, 0.177, 0.380, 0.291
iaps,9265.jpg, 0.127, 0.088, 0.478, 0.150, 0.427, 0.173
iaps,9270.jpg, 0.183, 0.201, 0.467, 0.272, 0.502, 0.192
iaps,9280.jpg, 0.516, 0.190, 0.372, 0.191, 0.465, 0.225
iaps,9290.jpg, 0.169, 0.254, 0.288, 0.295, 0.583, 0.358
iaps,9291.jpg, 0.335, 0.366, 0.117, 0.140, 0.513, 0.208
iaps,9295.jpg, 0.374, 0.211, 0.262, 0.188, 0.445, 0.265
iaps,9300.jpg, 0.332, 0.225, 0.279, 0.287, 0.598, 0.345
iaps,9301.jpg, 0.155, 0.123, 0.281, 0.174, 0.547, 0.268
iaps,9302.jpg, 0.402, 0.330, 0.127, 0.185, 0.545, 0.141
iaps,9320.jpg, 0.564, 0.378, 0.238, 0.270, 0.558, 0.259
iaps,9321.jpg, 0.385, 0.223, 0.441, 0.206, 0.296, 0.320
iaps,9322.jpg, 0.281, 0.199, 0.253, 0.234, 0.583, 0.328
iaps,9325.jpg, 0.317, 0.189, 0.408, 0.220, 0.565, 0.265
iaps,9326.jpg, 0.342, 0.266, 0.290, 0.242, 0.431, 0.324
iaps,9330.jpg, 0.278, 0.259, 0.210, 0.269, 0.427, 0.314
iaps,9331.jpg, 0.111, 0.170, 0.191, 0.208, 0.180, 0.243
iaps,9332.jpg, 0.262, 0.239, 0.395, 0.301, 0.726, 0.213
iaps,9340.jpg, 0.164, 0.198, 0.461, 0.252, 0.436, 0.247
iaps,9341.jpg, 0.497, 0.238, 0.318, 0.214, 0.374, 0.254
iaps,9342.jpg, 0.178, 0.278, 0.389, 0.187, 0.434, 0.231
iaps,9360.jpg, 0.111, 0.100, 0.720, 0.214, 0.436, 0.216
iaps,9373.jpg, 0.405, 0.393, 0.338, 0.306, 0.442, 0.275
iaps,9390.jpg, 0.213, 0.286, 0.637, 0.271, 0.504, 0.306
iaps,9395.jpg, 0.230, 0.261, 0.295, 0.270, 0.563, 0.269
iaps,9400.jpg, 0.201, 0.290, 0.480, 0.400, 0.412, 0.282
iaps,9401.jpg, 0.366, 0.402, 0.448, 0.232, 0.552, 0.207
iaps,9402.jpg, 0.235, 0.321, 0.578, 0.271, 0.577, 0.389
iaps,9403.jpg, 0.454, 0.205, 0.194, 0.158, 0.518, 0.212
iaps,9404.jpg, 0.224, 0.204, 0.349, 0.225, 0.530, 0.351
iaps,9405.jpg, 0.243, 0.240, 0.326, 0.334, 0.717, 0.292
iaps,9409.jpg, 0.547, 0.289, 0.297, 0.228, 0.535, 0.298
iaps,9410.jpg, 0.202, 0.168, 0.300, 0.218, 0.600, 0.244
iaps,9411.jpg, 0.269, 0.402, 0.265, 0.302, 0.223, 0.281
iaps,9412.jpg, 0.356, 0.377, 0.270, 0.210, 0.490, 0.329
iaps,9413.jpg, 0.496, 0.261, 0.199, 0.168, 0.681, 0.288
iaps,9414.jpg, 0.198, 0.209, 0.410, 0.246, 0.454, 0.283
iaps,9415.jpg, 0.258, 0.316, 0.396, 0.326, 0.510, 0.399
iaps,9417.jpg, 0.571, 0.223, 0.346, 0.181, 0.330, 0.261
iaps,9419.jpg, 0.575, 0.343, 0.373, 0.226, 0.363, 0.277
iaps,9420.jpg, 0.179, 0.323, 0.446, 0.346, 0.500, 0.370
iaps,9421.jpg, 0.168, 0.246, 0.596, 0.359, 0.293, 0.268
iaps,9422.jpg, 0.545, 0.140, 0.383, 0.217, 0.672, 0.233
iaps,9423.jpg, 0.406, 0.423, 0.588, 0.247, 0.477, 0.354
iaps,9424.jpg, 0.454, 0.365, 0.299, 0.264, 0.542, 0.372
iaps,9425.jpg, 0.181, 0.298, 0.520, 0.366, 0.229, 0.275
iaps,9426.jpg, 0.326, 0.323, 0.385, 0.329, 0.236, 0.248
iaps,9427.jpg, 0.540, 0.284, 0.489, 0.306, 0.227, 0.283
iaps,9428.jpg, 0.330, 0.351, 0.307, 0.311, 0.270, 0.322
iaps,9429.jpg, 0.330, 0.343, 0.378, 0.302, 0.313, 0.271
iaps,9430.jpg, 0.073, 0.171, 0.214, 0.317, 0.258, 0.310
iaps,9432.jpg, 0.111, 0.193, 0.177, 0.279, 0.288, 0.388
iaps,9433.jpg, 0.408, 0.275, 0.275, 0.221, 0.614, 0.312
iaps,9435.jpg, 0.549, 0.304, 0.299, 0.202, 0.367, 0.329
iaps,9440.jpg, 0.373, 0.376, 0.280, 0.220, 0.481, 0.344
iaps,9445.jpg, 0.121, 0.080, 0.324, 0.176, 0.787, 0.217
iaps,9452.jpg, 0.132, 0.278, 0.405, 0.390, 0.341, 0.397
iaps,9468.jpg, 0.426, 0.292, 0.243, 0.228, 0.623, 0.297
iaps,9469.jpg, 0.209, 0.211, 0.193, 0.171, 0.633, 0.273
iaps,9470.jpg, 0.203, 0.320, 0.171, 0.278, 0.275, 0.354
iaps,9471.jpg, 0.434, 0.405, 0.315, 0.169, 0.285, 0.289
iaps,9472.jpg, 0.625, 0.059, 0.176, 0.080, 0.762, 0.291
iaps,9480.jpg, 0.089, 0.165, 0.338, 0.389, 0.145, 0.253
iaps,9490.jpg, 0.138, 0.115, 0.535, 0.344, 0.532, 0.296
iaps,9491.jpg, 0.272, 0.229, 0.535, 0.326, 0.383, 0.309
iaps,9495.jpg, 0.618, 0.260, 0.296, 0.198, 0.504, 0.319
iaps,9500.jpg, 0.317, 0.387, 0.376, 0.376, 0.248, 0.314
iaps,9520.jpg, 0.314, 0.276, 0.371, 0.320, 0.422, 0.260
iaps,9530.jpg, 0.427, 0.135, 0.629, 0.391, 0.275, 0.340
iaps,9560.jpg, 0.601, 0.146, 0.163, 0.130, 0.522, 0.144
iaps,9561.jpg, 0.077, 0.188, 0.393, 0.134, 0.569, 0.168
iaps,9570.jpg, 0.171, 0.114, 0.329, 0.169, 0.561, 0.194
iaps,9571.jpg, 0.627, 0.277, 0.332, 0.297, 0.541, 0.288
iaps,9582.jpg, 0.325, 0.346, 0.384, 0.270, 0.503, 0.309
iaps,9584.jpg, 0.271, 0.238, 0.434, 0.219, 0.611, 0.252
iaps,9590.jpg, 0.166, 0.230, 0.309, 0.306, 0.662, 0.316
iaps,9592.jpg, 0.352, 0.307, 0.304, 0.190, 0.640, 0.205
iaps,9594.jpg, 0.382, 0.334, 0.295, 0.197, 0.599, 0.258
iaps,9596.jpg, 0.286, 0.257, 0.393, 0.242, 0.518, 0.348
iaps,9599.jpg, 0.313, 0.246, 0.289, 0.241, 0.569, 0.305
iaps,9600.jpg, 0.493, 0.305, 0.275, 0.231, 0.381, 0.222
iaps,9610.jpg, 0.395, 0.310, 0.270, 0.282, 0.637, 0.311
iaps,9611.jpg, 0.332, 0.414, 0.282, 0.300, 0.210, 0.254
iaps,9620.jpg, 0.396, 0.376, 0.189, 0.238, 0.350, 0.337
iaps,9621.jpg, 0.674, 0.298, 0.340, 0.248, 0.473, 0.314
iaps,9622.jpg, 0.424, 0.223, 0.318, 0.281, 0.554, 0.170
iaps,9623.jpg, 0.134, 0.220, 0.555, 0.276, 0.521, 0.292
iaps,9630.jpg, 0.390, 0.291, 0.877, 0.133, 0.285, 0.347
iaps,9635.1.jpg, 0.538, 0.280, 0.359, 0.171, 0.361, 0.238
iaps,9635.2.jpg, 0.551, 0.253, 0.340, 0.154, 0.334, 0.219
iaps,9700.jpg, 0.067, 0.129, 0.247, 0.357, 0.200, 0.283
iaps,9800.jpg, 0.252, 0.310, 0.512, 0.310, 0.472, 0.359
iaps,9810.jpg, 0.171, 0.279, 0.327, 0.430, 0.237, 0.324
iaps,9830.jpg, 0.292, 0.354, 0.513, 0.407, 0.216, 0.260
iaps,9831.jpg, 0.290, 0.280, 0.215, 0.273, 0.439, 0.301
iaps,9832.jpg, 0.188, 0.240, 0.456, 0.313, 0.464, 0.306
iaps,9900.jpg, 0.345, 0.304, 0.292, 0.197, 0.383, 0.222
iaps,9901.jpg, 0.437, 0.294, 0.263, 0.208, 0.402, 0.307
iaps,9902.jpg, 0.356, 0.331, 0.502, 0.202, 0.420, 0.343
iaps,9903.jpg, 0.188, 0.271, 0.378, 0.250, 0.326, 0.270
iaps,9904.jpg, 0.425, 0.239, 0.225, 0.126, 0.299, 0.215
iaps,9905.jpg, 0.429, 0.296, 0.281, 0.271, 0.613, 0.318
iaps,9908.jpg, 0.376, 0.268, 0.120, 0.085, 0.413, 0.163
iaps,9909.jpg, 0.220, 0.204, 0.507, 0.312, 0.489, 0.214
iaps,9910.jpg, 0.153, 0.195, 0.272, 0.267, 0.379, 0.306
iaps,9911.jpg, 0.461, 0.265, 0.278, 0.217, 0.387, 0.245
iaps,9912.jpg, 0.346, 0.154, 0.391, 0.301, 0.422, 0.278
iaps,9913.jpg, 0.697, 0.264, 0.250, 0.137, 0.260, 0.205
iaps,9920.jpg, 0.435, 0.237, 0.237, 0.170, 0.399, 0.235
iaps,9921.jpg, 0.099, 0.141, 0.476, 0.332, 0.591, 0.337
iaps,9922.jpg, 0.475, 0.324, 0.187, 0.157, 0.499, 0.191
iaps,9925.jpg, 0.310, 0.417, 0.335, 0.144, 0.444, 0.170
iaps,9926.jpg, 0.210, 0.116, 0.167, 0.124, 0.545, 0.179
iaps,9927.jpg, 0.323, 0.290, 0.076, 0.111, 0.702, 0.233
iaps,9930.jpg, 0.438, 0.307, 0.166, 0.175, 0.648, 0.253
iaps,9940.jpg, 0.352, 0.307, 0.388, 0.271, 0.679, 0.272
iaps,9941.jpg, 0.118, 0.097, 0.514, 0.223, 0.385, 0.303
