DP1ScanSlide1.PNG,None,-1
DP1ScanSlide2.PNG,None,-1
DP1ScanSlide3.PNG,None,-1
DP1ScanSlide4.PNG,None,-1
DP1ScanSlide5.PNG,None,-1
DP1ScanSlide6.PNG,None,-1
DP1ScanSlide7.PNG,None,-1
DP1ScanSlide8.PNG,None,-1
DP1ScanSlide9.PNG,None,-1
DP1ScanSlide10.PNG,None,-1
DP1ScanSlide11.PNG,None,-1
DP1ScanSlide12.PNG,None,-1
DP1ScanSlide13.PNG,None,-1
DP1ScanSlide14.PNG,None,-1
DP1ScanSlide15.PNG,None,-1
DP1ScanSlide16.PNG,None,-1
DP1ScanSlide17.PNG,None,-1
DP1ScanSlide18.PNG,None,-1
DP1ScanSlide19.PNG,None,-1
DP1ScanSlide20.PNG,None,-1
DP1ScanSlide21.PNG,None,-1
DP1ScanSlide24.PNG,None,-1