lmap_Slide1.PNG,None,-1
lmap_Slide2.PNG,None,-1
lmap_Slide3.PNG,None,-1
lmap_Slide4.PNG,None,-1
lmap_Slide5.PNG,None,-1
lmap_Slide6.PNG,None,-1
lmap_Slide7.PNG,None,-1
lmap_Slide8.PNG,None,-1
lmap_Slide9.PNG,None,-1
lmap_Slide10.PNG,None,-1
lmap_Slide11.PNG,None,-1
lmap_Slide12.PNG,None,-1
lmap_Slide13.PNG,None,-1
lmap_Slide14.PNG,None,-1
lmap_Slide15.PNG,None,-1
lmap_Slide16.PNG,None,-1
lmap_Slide17.PNG,None,-1
lmap_Slide18.PNG,None,-1
lmap_Slide19.PNG,None,-1
lmap_Slide20.PNG,None,-1
lmap_Slide21.PNG,None,-1
lmap_Slide22.PNG,None,-1
lmap_Slide25.PNG,None,-1